x,y,m,h,e
0.38479006496288126,14.698556966681036,1.2300303358450437,-0.1548522403292068,5.540648079957938
0.19174290635368452,13.343850913442934,1.6160170620998389,0.4253894399364342,4.7672860395464
0.707018052217609,16.96352641196973,0.5841664744349025,-1.1209254123303551,6.829706443019925
0.08015442381405469,12.5654405061427,1.8402953874416572,0.760644832641887,4.3205564516856505
0.7670207572897074,17.36042942220362,0.46647065932151016,-1.3020751456525326,7.067594970070738
0.07097609661019544,12.487046727081792,1.859142914164303,0.7865461824552235,4.282379237561082
0.09001070191871174,12.642275388646476,1.819658315751598,0.7312414742392761,4.3606840264942806
0.8741257415686772,18.13331749011745,0.25198322627349495,-1.6202981326984538,7.497081990102987
0.07428105033720211,12.514068226295226,1.85168411073381,0.7778489693476778,4.295452395856172
0.9559679348430299,18.706452817614064,0.08890300754712697,-1.866058744585027,7.825631245994542
0.4801014238654706,15.366706711414224,1.038851214255015,-0.4398649997621734,5.920470892518698
0.6149277013650507,16.309194548666095,0.7696832736259877,-0.8447249341805565,6.460372812989908
0.3868579540850582,14.718443040044715,1.2246156189480022,-0.16040484810515843,5.5483466987908345
0.43846413129422945,15.051789208445724,1.123133054470901,-0.3173736855165456,5.75185016259821
0.13380983435419336,12.933369684193682,1.7330954096035502,0.5995967389119646,4.53403591500736
0.6707472973069772,16.687914355334875,0.657917928807306,-1.0133094975126757,6.6818127421559845
0.5670582873579786,15.973718228270577,0.8651976646818682,-0.7018075620745097,6.269286802783952
0.7835826591709415,17.48453779440613,0.43234344178868106,-1.351082465341323,7.133972271196726
0.5999497072197545,16.19551801448497,0.800870825824379,-0.8003260208065137,6.399641677071417
0.2927707331712317,14.042157468019917,1.4151872893159367,0.12219628460479003,5.16924726681204
0.8466638052443893,17.914370709483183,0.30764268750580215,-1.5406541693300886,7.38540334548521
0.8939229041895987,18.258959685684033,0.2117728802620696,-1.681990828049512,7.575743237086417
0.44081153588182365,15.083708076700132,1.1177472573539302,-0.32139833139520574,5.761170736595134
0.7057110345198626,16.956199777382345,0.5871640515728896,-1.1160877349160123,6.82356262765403
0.20654136076403806,13.438671381654336,1.587202320612692,0.37965136774951586,4.825338310185794
0.7604518653104443,17.328066087947235,0.47825104045026623,-1.2811236647689122,7.04215735123111
0.030852405388985482,12.225755451318344,1.9379284088919695,0.908795473248499,4.1239938503780715
0.32350867656307647,14.274544750270485,1.3509696970211251,0.030221251773824256,5.2937887555969
0.5402176983174567,15.781466343957723,0.9200038241986388,-0.6203157298677315,6.160791813636772
0.3137436475934826,14.203412507525274,1.371291165849945,0.058595170690010794,5.255683209387296
0.9767765064398026,18.845665838263855,0.04378114322648001,-1.9309589879703741,7.908006278399281
0.49827177408469714,15.489783469067994,1.0050620628542988,-0.4949221701247102,5.993858165125726
0.21661902441678482,13.513838957296787,1.567881134390705,0.3502466656760612,4.867385172451959
0.7976662969030762,17.587609807734914,0.4033959482034967,-1.392811742022819,7.190357735441504
0.7025262128281549,16.92444092058966,0.5947537164876219,-1.1074750769449115,6.811732562597036
0.8336831330824687,17.84861914854365,0.3307217293654383,-1.4997426660081417,7.334978148771278
0.9348967463459381,18.544700334692394,0.1295440574634177,-1.8044330427049065,7.739113554865375
0.3458484656732854,14.413863134971752,1.3105039273510493,-0.03752936591453343,5.383376522508709
0.44184322687541144,15.089018492268462,1.1156551280681606,-0.32568840941823035,5.765691565824738
0.894940068869833,18.279547363672954,0.21006734871716407,-1.6825566634737303,7.581157135902916
0.5918211895733366,16.1363283357256,0.8166820660747309,-0.7758975375007274,6.366330037186361
0.6952319546502945,16.86259735253035,0.6114417130076087,-1.0843691149141643,6.779821514410081
0.25328752521048836,13.780847951449406,1.4921281341165116,0.24023417237353947,5.01327773829034
0.4475876783123539,15.11593039316656,1.1069017561165897,-0.3442563857671041,5.790036337270553
0.6676008332640027,16.66635818135984,0.6648547959530502,-1.0037246095471097,6.669894571279462
0.4844652328585365,15.393346902996123,1.029054337642153,-0.45356579543695985,5.937135988586034
0.03782033335255952,12.26395334148396,1.9242399231988134,0.8868965916210387,4.15086005281676
0.2941090296458845,14.053251071161384,1.412658817849439,0.11793393238841139,5.1758748345591465
0.11562973082031047,12.811477841585425,1.76881778025884,0.6535393568282459,4.462327237419978
0.1721980328682141,13.202471344123346,1.6567887985956944,0.48430057997619846,4.688887300087595
0.26120713188975075,13.825377839935804,1.4786687772902214,0.21684334227038807,5.044763189759489
0.4826595290959923,15.375122105895525,1.0345998421352978,-0.4489999796099214,5.930019526851201
0.7494359452366213,17.238345497030988,0.5019408974462752,-1.2482930242719599,6.9973732570970535
0.5510851369567626,15.858059183833031,0.898783284072603,-0.6527700060163686,6.203834943773912
0.7445821497144008,17.213985995960865,0.5103283564015522,-1.2337527375450048,6.978655071526202
0.9491161630192548,18.64610192494932,0.10173722498262827,-1.846803060313518,7.796385634159853
0.24616401833955104,13.7308000464258,1.507745182806107,0.26133557769244553,4.986428009114491
0.3680625958859475,14.576387408317586,1.2645933982116233,-0.1033137662508015,5.472416295986634
0.17992183713083587,13.263496103005803,1.6408798752542375,0.46193820527766455,4.71926246271601
0.18642994548639713,13.304403912227002,1.6272920208577466,0.4399770958718475,4.746372693739558
0.8611394394150806,18.03205263708123,0.2768783233041311,-1.5839048275489407,7.445790866389046
0.14018670103909547,12.986500004256708,1.719600884847213,0.5805374286917377,4.5611585235425505
0.90902898688042,18.36681989179405,0.18180883687387528,-1.7270038409441526,7.636489752586747
0.19536668752424102,13.362154710232417,1.609685337478303,0.41323861256766214,4.781619951950036
0.8257833701827174,17.77874482800636,0.3494312073168681,-1.4778041122362529,7.303844076743565
0.377871927261081,14.653949410020296,1.2430962447140121,-0.1324745588986937,5.5115476545814595
0.5597908076234687,15.914790057506075,0.8812364643644864,-0.6793144893942507,6.238792556091088
0.5271455753427802,15.68991129224663,0.9438956608197412,-0.5825514551214965,6.109450238275962
0.5442403887454713,15.820175052498815,0.9105888335972416,-0.6320868290284828,6.177776136023099
0.9603068555843277,18.70579782208265,0.08056141759054461,-1.882576058678101,7.8403605763367645
0.9926673904934629,18.94926321382952,0.014387864388702666,-1.977914116378614,7.970033991165578
0.06288865148787981,12.436838625189012,1.8741178871190587,0.8102550200252382,4.253155141212038
0.9297429424239448,18.49948697346578,0.14119519660504462,-1.7894906742320358,7.717388595327093
0.7244082622400587,17.064686159243628,0.549958459200659,-1.1754727711150519,6.897959361916638
0.9079615355892423,18.35994287493424,0.18395180904988587,-1.7237826625487531,7.632711037023477
0.7984100034020212,17.584354751725456,0.40207041834632573,-1.3967454404162036,7.193949859322635
0.870249927988918,18.097423732690068,0.25997817208325386,-1.6089748812525868,7.4804734921010985
0.19477149873197375,13.358468152403631,1.6105872122911242,0.4136552261283046,4.780062888001951
0.37125761183798545,14.59560157608584,1.2557533366882245,-0.11519931538190359,5.484640133790332
0.634478893398764,16.440393711161573,0.7307699140221574,-0.9046410956459175,6.538143596079623
0.12181292331483917,12.862333925817467,1.7563793239487435,0.6369373262530419,4.487189148447982
0.7665296486353248,17.374439158087018,0.4664174932140501,-1.2985332287597329,7.066488767761802
0.28059839094981676,13.964021080089477,1.4389683646623568,0.1583235982091709,5.122488112331598
0.348002108613357,14.447447254237373,1.30248438932565,-0.04247914080923726,5.392756762941385
0.5482667111945226,15.828642090418857,0.9044105769799973,-0.6454251076477837,6.1930886681354735
0.1554952796398512,13.095667001224296,1.6899473686923965,0.5340188025017129,4.623060555564379
0.7025496150257343,16.919448983682926,0.5937659834392137,-1.1070522531993072,6.808808724234284
0.7751406004902553,17.416149078490555,0.45103840320335853,-1.3255720080799762,7.099724879783034
0.37761582391576887,14.645515969156413,1.2453310005830027,-0.13288052126254296,5.510903916700893
0.6097219982970149,16.265154557135585,0.7807817480544775,-0.8296069011552779,6.439511306445458
0.44217931220295237,15.079766521360707,1.1176041824600014,-0.32683456501322344,5.7670105201192605
0.8449737082880515,17.90203011874764,0.3105295621783526,-1.5357745017663,7.378305176316388
0.5420613932491168,15.799141512837561,0.9162582082961035,-0.6260383962460195,6.169553021289128
0.7894252667630026,17.530488853988643,0.4190543616824712,-1.36863841507091,7.157704459352422
0.8773677946881361,18.13921453390415,0.24610916810960842,-1.6323819159018955,7.50945342077273
0.7439228444086236,17.197232852716677,0.5128912344999111,-1.2320980579866316,6.974376164691731
0.0968105178974138,12.672063378675182,1.8061257761326446,0.7098475041372673,4.38621592567124
0.026088812753530588,12.173110128085598,1.9486011789312379,0.9214958716526471,4.103237701388956
0.9967002569918525,18.965357300401003,0.0058740507478867035,-1.9909183403881563,7.98553727986941
0.23891815229627877,13.66254417252339,1.524776882099275,0.2821957887606264,4.95631828943085
0.4827618173248983,15.386854073940547,1.034058840011811,-0.4470299443536104,5.9307680849125735
0.30975304011406524,14.171783791233576,1.3792194506929545,0.07092505726904051,5.238784919447836
0.3227183579837879,14.250475641403145,1.3546573753416808,0.0317950995775218,5.288525215621123
0.766512932312464,17.36276343873855,0.46663103853588,-1.3002081018818048,7.0661167268118135
0.6143109251255764,16.29025350135936,0.7717480848248496,-0.8438101024891618,6.4560812903049625
0.8289078721296499,17.79619851811637,0.3424983902624531,-1.487084742121293,7.314899977174941
0.9003140742866598,18.311644784525924,0.19943315545806914,-1.700412119409287,7.602937293495707
0.0816495108715769,12.560956173356695,1.8377597877971095,0.7538674459708135,4.326326393266226
0.8139002012244785,17.691789322669248,0.37187232553274,-1.4410991301706397,7.2542512634977365
0.8081544992583035,17.646198055560497,0.3849909502139994,-1.426067695522257,7.233430292027611
0.7703849092340387,17.379210577150204,0.45980749877503807,-1.312067741548789,7.080554324462727
0.09151947433923768,12.654275731995696,1.8158744340786241,0.7260816716318041,4.3687096691108
0.040079318598035374,12.268530511306865,1.9210078673288833,0.8776426783944843,4.160543408749007
0.34673892240895876,14.42466359542715,1.306898886656399,-0.03999351326438412,5.385444253305221
0.7906134492631984,17.539331511311776,0.4182365325404119,-1.3714562822658825,7.162607210074436
0.032795583680651386,12.219326564785156,1.9362319532763834,0.9009466905786625,4.1319133481939705
0.1451902807376062,13.016294990527284,1.7089322112464627,0.5648003459622787,4.580315200142888
0.8421621534567324,17.90493197751875,0.3150805609035445,-1.5257999751720874,7.370332738877682
0.30222189028272173,14.118647056485045,1.3952714024118007,0.09399954109966022,5.208461269706368
0.8606886657076447,18.012903300388558,0.2785814187696046,-1.5828668230670908,7.440798413091098
0.4371622642307693,15.063514106388853,1.125279290477715,-0.31046184241567343,5.74808160434142
0.792009565283513,17.537695524474188,0.41622499639014987,-1.3771046128564717,7.166902518242525
0.6484981308837751,16.557053061936514,0.7032449659028486,-0.9434760525091269,6.595407129985772
0.372979897968457,14.611066064791762,1.2547759938621048,-0.11975801073656464,5.49331714052473
0.07020818686237196,12.501863513127976,1.8598230453192997,0.7910170395173252,4.281356342993087
0.9601412043291574,18.73743309246761,0.07792561788125521,-1.8792519489883701,7.84145002987319
0.9553859354031919,18.678900628101523,0.09034615469019938,-1.8673305132996019,7.820636092375767
0.20230364501095965,13.411234712220017,1.5954426003890199,0.3930736636292699,4.808167368435881
0.8035874101968357,17.62370441402722,0.39215909805829086,-1.4102530859336035,7.21342825458886
0.9541434428755061,18.688746235228898,0.09149073672893072,-1.8618082210012898,7.817340253833124
0.8524237072276628,17.9712473696069,0.2938706296366255,-1.5576295810730485,7.410387240633495
0.6806488406675749,16.76863579991356,0.6388887938015854,-1.0409920979449758,6.722585561743179
0.7440878689165519,17.20911733476005,0.5121684292511949,-1.2314373452361338,6.975846223215839
0.8739469240586395,18.10651675756663,0.253966791858255,-1.6222070232616401,7.4949229773098045
0.2641375609699863,13.84387114508285,1.4727441473474197,0.20730977559489155,5.055923327598369
0.8335592836196056,17.83442944636925,0.33376892521635315,-1.4993179445457812,7.333494121812081
0.0896405514012284,12.627428987505843,1.8206520596019775,0.7310803921380159,4.358415445202517
0.6903849380021776,16.835234448415626,0.6187251694891029,-1.070914780214783,6.761497990920622
0.7966997775765319,17.578001310962286,0.4064922278891851,-1.3904195152838632,7.187291220806156
0.12796420033547373,12.899583652515238,1.743182841794136,0.6172126619520893,4.511798219715616
0.3753801280645205,14.614086992478878,1.2513859398888665,-0.1266347879002091,5.501307317293926
0.20797850957426078,13.452547426995835,1.5833405856732718,0.3751212847215593,4.832398940675378
0.87814158848252,18.148510726108242,0.24409594208284724,-1.6346365231153366,7.513309614195342
0.9270375341397077,18.489152821309066,0.14530302958786456,-1.7823246702421216,7.708687031605463
0.1196114830539785,12.829759469449584,1.7609088289267936,0.6404077741088452,4.478265595694228
0.764577597681267,17.352848256279444,0.4707337600519769,-1.2935015105102265,7.058718475778798
0.937948737256202,18.55780263729168,0.12414373455884053,-1.8149099340689658,7.752088262522753
0.2903464210556076,14.030274465115813,1.420076220415066,0.12844347400598471,5.161535340907531
0.34278739408596925,14.398018902293144,1.3142553799065808,-0.02779050902675242,5.3700803647849105
0.31379798664987135,14.187636168995523,1.3731637737392557,0.057972648291190296,5.253991072931105
0.7570919270304315,17.29205719345343,0.48724989422469905,-1.2721567110932441,7.028770055749968
0.8406375541604059,17.89749669137886,0.31823232087972403,-1.521071804373791,7.363953361330769
0.9951837978132021,18.960255557404366,0.009326419530903182,-1.9857235216825928,7.97951362387847
0.9874824878171309,18.902553646170276,0.02529018041857233,-1.9636947058011374,7.949467076154516
0.17775996923984327,13.244646077254608,1.6438384021720411,0.46673306413941407,4.710248803807554
0.2890723586598757,14.022107092935528,1.4221479438172178,0.13174820310463228,5.1570211422498
0.9532170613876286,18.682232113224728,0.09318256681094608,-1.859675778696725,7.8150312466013006
0.006441243908150485,12.032859308846476,1.9882464109356068,0.9799065236926378,4.0249244328029
0.8607034410969508,18.025496927594112,0.27929747142183436,-1.58205179993631,7.443014858342239
0.10627597466064087,12.755667648317202,1.7870283876802195,0.6822833472450797,4.426598919554507
0.22137206135669663,13.544668392371044,1.5585607360872764,0.33663871999112366,4.884494676834508
0.23079831364208525,13.60924658324103,1.5393894012151248,0.3072941494690508,4.923144623269022
0.5319605357167769,15.72649225034202,0.9363933098967815,-0.5960876720771658,6.129479153921321
0.9612732971786718,18.743657015415195,0.07553396719496148,-1.8818494115166082,7.844782419072873
0.8966435528147368,18.276959111618275,0.2059465274015761,-1.689892245474187,7.586752546171302
0.5496030998787831,15.845567780125574,0.9006898782349871,-0.6491054226706462,6.198056765552966
0.9939245108798066,18.966738696896265,0.012030016371114982,-1.981062293210317,7.9774407986357545
0.9802900229620015,18.853333260112265,0.03895095664291872,-1.9405312058770467,7.918557890050722
0.7582719132654547,17.31533060792595,0.48211386567602377,-1.2738060013289327,7.032926323873127
0.4362039253834693,15.053755338324795,1.1267599631616607,-0.3092642457732575,5.744906093252135
0.3504974267921356,14.446694173879147,1.3005404384543562,-0.05171601145278015,5.401438153588649
0.46395113447457703,15.236490838194007,1.0727495793600188,-0.3925919369417317,5.854700543811883
0.7482881219261519,17.24240624678813,0.5037839236909588,-1.2431721043026467,6.992701431155645
0.5559710757338908,15.887701064012592,0.887339623124322,-0.6682478190118163,6.223255833809711
0.918063966562754,18.428974521506724,0.16354628903024254,-1.75398742177649,7.672551409334312
0.19183685829306407,13.360394803400606,1.6147750255184632,0.4248606354479498,4.769657972346588
0.4579068151849167,15.205939968348128,1.0844955971784693,-0.37281512179295184,5.830937571181277
0.23580575971946827,13.665475336013913,1.5284759648557056,0.2954928511548381,4.9437070705548285
0.7325681383468031,17.123624771593672,0.5351372711995134,-1.1982320227419596,6.93070792633103
0.4274407525567665,14.997595522755079,1.1446984916967666,-0.281994274500067,5.709220443032472
0.9612583795499974,18.72735683448949,0.07573863692308151,-1.8844969303579455,7.8439227511512035
0.6469347711337049,16.523780166612347,0.704893320725012,-0.9426967548575858,6.587259329157673
0.49337454631454103,15.457142145082546,1.0148867823854109,-0.4793486124529285,5.974905078161519
0.279830095023725,13.960851154292547,1.4398550983736067,0.1606428724384248,5.119727829518149
0.02224067108685024,12.161484435932493,1.9540699466435594,0.9333313611555089,4.088677560785566
0.5513430662559222,15.863283972835076,0.8976225959084982,-0.6537068528200349,6.206404062334922
0.7759005364001039,17.438656729051335,0.44693399239199505,-1.328056228601265,7.1049729976745395
0.9703179662067415,18.799417469002783,0.05802133488933503,-1.9104989807136485,7.881433974080634
0.05004386517283643,12.336789977535796,1.8999892674808592,0.8491750929597829,4.198768698414033
0.9581046221268336,18.70637711349564,0.08354784309215348,-1.8752827307090318,7.832560512318678
0.6204315453119797,16.333311288063747,0.7603765058971987,-0.8620599902467645,6.480853032276807
0.10450733838511772,12.721620444764135,1.791138024619827,0.6856525456839256,4.416875228714802
0.16580537134958084,13.153509791339378,1.667597860248855,0.5014160158420409,4.662206453377462
0.18012756951306963,13.258822999343286,1.6400428508735072,0.4603391289337989,4.719355101975141
0.7883039951951077,17.523945366602955,0.422266316317375,-1.3629406578117573,7.15200908344028
0.20025390133337106,13.409107366753886,1.5985057581804902,0.3999445821977464,4.801777928437302
0.2958669320271312,14.0707234052424,1.4077850412311632,0.11341306715385556,5.182192123123812
0.7398488522499274,17.170755486343655,0.5210211665075036,-1.2199338102440664,6.958178183583946
0.8625406237602716,18.037595557702463,0.27607160404430403,-1.5865410067015517,7.449813968887683
0.12291233100809373,12.868171913806398,1.751874497881407,0.6317872894632761,4.491207350185989
0.018549321291972176,12.144520118707362,1.9622737860459227,0.9456336878718926,4.075489371103977
0.4449919412424477,15.113076144597947,1.10956235764473,-0.3352286686685344,5.7789590725965745
0.8455058426886325,17.928317950229353,0.30833111620282844,-1.5349531965602206,7.382089201423065
0.33462957151568307,14.338576794884819,1.33103354004418,-0.004135739517080203,5.338256030277135
0.3711796729271202,14.592472630357689,1.2568781698706417,-0.11358176687794391,5.483497424782642
0.37928746666093616,14.649931683937442,1.2416079724680815,-0.13806272101609546,5.516481565168495
0.9053158089618689,18.33279483456235,0.19077837882653034,-1.717087655595911,7.621319814924077
0.671255722922185,16.704728025664576,0.6579405236625807,-1.0136640457272124,6.6858724846322035
0.4878945747962281,15.408310134143422,1.0236970211346978,-0.4643007999276544,5.950914621965656
0.4045798589437405,14.836671485541654,1.1906512623821297,-0.21407970896983178,5.619565744862718
0.5004146703160862,15.501627313532312,0.9998137400732806,-0.5012845074717089,6.000404999993261
0.7004573858528825,16.90230756184191,0.599139935022579,-1.1019450448650814,6.802570782168601
0.5001652834397072,15.509426773846524,0.9970317804825981,-0.49950995770811757,6.000559663153408
0.004204969422661686,12.023607391001637,1.9931715871583666,0.9863328979732414,4.016712281509697
0.13743703732292212,12.962953391346103,1.7256459677367253,0.5881834624707799,4.549664915576918
0.36968476622048685,14.583323885074297,1.260046864686703,-0.10952823929648549,5.477732457502423
0.8778557251016578,18.14846520747279,0.24389439233371554,-1.6329934829259065,7.512150256676625
0.3271327295950087,14.292809573041083,1.3471025087091058,0.018493250498591646,5.310084873030974
0.9814567215553773,18.876508128094354,0.03712404478394508,-1.943718544063872,7.926875534789789
0.49256695720510346,15.44765629538215,1.0159565970701854,-0.4783567992374654,5.971698987623259
0.5751538506739938,16.039858072675692,0.8495110835395682,-0.7232438864625035,6.301651702633649
0.7439147083254402,17.21348780199572,0.511832627011314,-1.2321856032902803,6.9765657907543055
0.18382082843089254,13.275934845088912,1.6326247624970927,0.4479696029561476,4.73347114973803
0.3553421336024942,14.483887103865925,1.2901101037047906,-0.06599879952291357,5.420975860657683
0.6971379520529217,16.885327835417712,0.6059876838808523,-1.090538252117149,6.788551672444359
0.10781820962462974,12.751452933820904,1.7837980898627164,0.676468881598622,4.429858226038689
0.9309792402706689,18.509266004204015,0.1397680226434123,-1.7933126015265177,7.723681012612183
0.6377850968420161,16.466149177716254,0.7251948194223461,-0.9130379717477259,6.551571408836038
0.8911915094918769,18.23268136978554,0.21948388153344522,-1.6722503366044037,7.564071548795688
0.06067054442790554,12.419424388693038,1.878149736948221,0.8167973314746113,4.242266568279611
0.89450024424602,18.261457418016903,0.2108001101354561,-1.6842344886707918,7.578327541946477
0.3970679758979767,14.780266102620605,1.2065576698097453,-0.19139930985780718,5.58868462258962
0.35750792942244614,14.493437670262871,1.2872135798906519,-0.07259861282144035,5.429826546494227
0.01027493543062663,12.062459485834466,1.9785060269924233,0.967663720546298,4.039866410511653
0.5586552392570573,15.919840687414906,0.8817640391814173,-0.676057697828288,6.235529792953345
0.2131940863599151,13.4978609463991,1.5727149964149163,0.3615698806555305,4.852615677401096
0.3304418523933297,14.318389218822603,1.3391201210119354,0.008543576662475036,5.322187451902958
0.45569908150708627,15.193599810587237,1.0887847772546266,-0.36663709981218784,5.824292387963572
0.6194512697811178,16.34501396470386,0.7610613725265206,-0.856849548714246,6.478272640866578
0.5136637310652822,15.592063200545297,0.9732945745578544,-0.5407343129856554,6.053791094247751
0.09735116788258458,12.663366448446943,1.8062306588660788,0.7071874647557914,4.3866341868283385
0.7158278563176497,17.01185656498017,0.5680201191285333,-1.1481670588930624,6.864345727084381
0.9877648394500761,18.92616303067937,0.02373404356220841,-1.9628393419662127,7.952877745386472
0.4696386351045222,15.303459626714787,1.059973706109536,-0.40803547790642564,5.879904325160196
0.175653480191997,13.236722619087363,1.647106466006021,0.47430233155329393,4.701204433153668
0.23386156753814613,13.65035766811,1.5307779044888523,0.29951753220662963,4.935213218499215
0.45290353754028656,15.165024547184698,1.0935987628086576,-0.3598266892883647,5.81096028247432
0.5381748807137126,15.76371508375518,0.9241402855988383,-0.6160139057419877,6.15404436537377
0.012137427191947658,12.087630461499595,1.9752513321881615,0.9637094520536071,4.049145406257558
0.44703797763259845,15.139063840379247,1.1046385910958387,-0.3404931204728259,5.788301214973853
0.26493417290891874,13.842587251324424,1.4702076649840703,0.20451910041369697,5.057772214947488
0.8183901933530875,17.736327034621482,0.3621315836037154,-1.4551490210899316,7.273879367944075
0.1975597172401774,13.380069370538282,1.6040583755613465,0.4057425649809891,4.790630929730115
0.41963002460911925,14.938550624636822,1.1616137216533307,-0.2583755204717164,5.679115872607649
0.5050686171144696,15.54578275545797,0.9871366183860664,-0.5133994982992259,6.018590374399387
0.3162303867653463,14.212760723841594,1.3692463101491483,0.05101244105271348,5.266194646465242
0.2147507768982091,13.509415609943428,1.5703346850324522,0.3562475162210688,4.860112877266412
0.5723934904436939,16.02083417844948,0.8543574502831442,-0.7161406707014607,6.290808376420691
0.23783885742848798,13.67222292491256,1.52197406658365,0.28595130008756514,4.952392203755277
0.5797974055088424,16.06494656719798,0.8380719572016297,-0.7403907889932175,6.319559376001841
0.1899723547613752,13.324883757843915,1.6198349695006136,0.4293512916625673,4.75969990524555
0.7239798424545512,17.06977361355125,0.5510980457509805,-1.173204966989457,6.895778393120503
0.24311847891861393,13.70978893768561,1.5146977315546115,0.2720451174838534,4.973647454593458
0.1699549689417329,13.182947437921209,1.6607400983785396,0.48962439982630285,4.679038266134077
0.5725381741122805,16.00883121068059,0.8530884368239653,-0.717632866035182,6.290119806962368
0.8329080776352215,17.8360115767395,0.3348321353425817,-1.4977247233905568,7.332607327618735
0.20585355663192773,13.435481327850972,1.5880047554931895,0.3824031665105547,4.822111108987721
0.5703995934882743,15.996862748799838,0.8585581154121104,-0.7113353650734039,6.282865117092176
0.7589014306745028,17.31573650464288,0.48235037332341696,-1.275592737859591,7.035582545856898
0.31719245729199197,14.219470772519067,1.3651640492658599,0.04851206037312236,5.2682776611836495
0.9683563123804808,18.771630311148787,0.0639023058415787,-1.9065674101077956,7.873648394932494
0.7034820338716222,16.928631758277668,0.5924441487108298,-1.1093384739104513,6.813084185458463
0.09232239867298198,12.661577337278342,1.8128512978619216,0.7236989959049916,4.370373913067675
0.006982633755514889,12.052378306982844,1.9853357550822845,0.9792364232292277,4.027721668763798
0.29321281905189167,14.052981769122141,1.4141046126114716,0.12289617018108764,5.170412803699509
0.44133988672489566,15.095710258939139,1.117293257520047,-0.3236994021713709,5.766083673970189
0.12027069155788561,12.830093549967433,1.7599647916077754,0.6387619992697132,4.479738191950969
0.832301476836345,17.827924294740438,0.33595247390901106,-1.4961599815795583,7.329307611886145
0.8164879293705352,17.720195138105687,0.36628377422834607,-1.4489649631462933,7.2648213417419
0.5309640080752549,15.715073896686466,0.9382169398876118,-0.59346212685709,6.124523957335391
0.8654364235037767,18.048042480612438,0.26992796583203116,-1.5971238149834712,7.461151588264452
0.7275119411592355,17.098199134250066,0.5446010078163791,-1.1814157109323395,6.909956911856947
0.7005326262335518,16.901188632698858,0.5992539991878016,-1.1027261451935764,6.802490573258876
0.06162436948971295,12.435093207491931,1.875643392005005,0.8142503311966307,4.247388129368407
0.6704606914484165,16.68609837183957,0.6606934072551047,-1.0110321222273702,6.681520273022612
0.7162932013844666,17.016648454387543,0.5677485475266757,-1.149488836776935,6.866205232468077
0.19956447725841198,13.393555251839778,1.6008936335096478,0.4007769506975209,4.797628600240859
0.5826210378524619,16.073181105375493,0.8352171100892082,-0.7473083207082867,6.329385456772888
0.5879055916898527,16.102125951993145,0.8252059849512349,-0.7641145716938536,6.350003413207173
0.7794081893548236,17.441428800015256,0.4426097308300857,-1.3389658484105262,7.1167306860272515
0.5073803352676114,15.557608729466173,0.9851239338838575,-0.521415864887742,6.029143005927753
0.6120749018568497,16.28378657912525,0.7749538815985141,-0.8377175439464627,6.449782046226173
0.9035999954317495,18.332657933206647,0.1921840438472369,-1.709350264814572,7.613411315310053
0.8291624135758737,17.805789098913706,0.34276311408581595,-1.4875860319947198,7.318289782935939
0.524203261508868,15.668423300850705,0.9511730346455691,-0.5728311417529699,6.096602529565132
0.21260164855815122,13.484993890341508,1.575993218063816,0.36256899711361223,4.850340844642503
0.7529970033786457,17.28243758013513,0.49407692002433523,-1.2575727414634579,7.012545544216378
0.7984822669466284,17.58764285389747,0.4042219432046032,-1.395133746941597,7.194542201148766
0.5745883382345699,16.013621229561018,0.850739472991955,-0.7243743166367368,6.297593773650797
0.7898545393112856,17.52890217976275,0.42196806999457354,-1.3696611985665237,7.1607460027045375
0.3171424090252488,14.220427916677599,1.3653151239323031,0.048285817953046865,5.268018516008975
0.6153036195361788,16.31194272026263,0.7694743278944143,-0.844959674675117,6.461266828723326
0.750891634809448,17.270402297474682,0.49686661631209716,-1.2523307056471655,7.005653576557762
0.12227599380033793,12.850830617306004,1.7567908435968054,0.6327978809875492,4.488980662653125
0.22554123274413673,13.576721479613454,1.5498184060946716,0.3228141084993162,4.902648124000729
0.5903709972122668,16.152587186374042,0.8179663957274513,-0.7697452596145204,6.363477672487814
0.004656862677974938,12.03288937358094,1.9892171737259534,0.9862019316005173,4.018567382673038
0.3572202802481913,14.487547322839543,1.2856407314032443,-0.07310201692832399,5.428324369589435
0.37333605449060103,14.625325644662128,1.252852916179374,-0.11905678273683223,5.494004403368898
0.004472698480775805,12.034061003362787,1.9916477813550426,0.9863424373312509,4.019523319894958
0.5923713212713575,16.139847651036604,0.8144155191808427,-0.778472645024093,6.368639099255104
0.06057369327067785,12.422758199362146,1.8784047887535935,0.8176017254994061,4.243192646623292
0.28341205829601945,13.993141513005936,1.4328410691775098,0.14998076976953817,5.134831985521994
0.9618878534420832,18.723079769391987,0.07701832068662894,-1.8864822919353805,7.846834519998714
0.9905822918194684,18.932237747176934,0.018188986403243287,-1.9721605183217021,7.961936136710908
0.39546189849874835,14.77064218852951,1.209776771747349,-0.1856212233986893,5.5825318692603005
0.8871493732039468,18.204543713005563,0.22674579293014874,-1.6620344173098598,7.548163770457946
0.538629367350125,15.777890425206781,0.9215297296532501,-0.6150971393360105,6.1547579502378875
0.8534338387221406,17.954554004757092,0.29303788399663033,-1.561773859113446,7.411319422589049
0.753677123630759,17.289741975512985,0.49363876516365945,-1.259490584526173,7.016034667983667
0.13282958994146532,12.940238592566931,1.7338068487355602,0.6023726015402971,4.532319879949457
0.3721668119565088,14.61149332172569,1.2551781966961917,-0.11551148131781999,5.4890723447524
0.022536442648849575,12.155503539000847,1.9549739925120264,0.9315167813315893,4.09066351480375
0.4219037071441992,14.96114886631138,1.1548312850670202,-0.2654261104613477,5.687743664944587
0.5844560980050425,16.086856639926378,0.8310319770948869,-0.7545299081976322,6.338424515483614
0.9844877612502222,18.90210542269282,0.031390536817514185,-1.951369038927606,7.937608504867585
0.1591422331956993,13.110446345213594,1.6820156005794293,0.5224523179009275,4.636616269129567
0.17260414875726438,13.199203405851296,1.6540299867038684,0.48113535742947,4.688591748465025
0.1740803127659809,13.227018268345125,1.6519388348981336,0.47971160051775813,4.696364791715663
0.49444372573915174,15.471043349362656,1.0111552840601077,-0.48156659280291947,5.977446291885829
0.2840875886501819,13.999590892921168,1.4313575366356766,0.1473570621295372,5.138778031759459
0.9723221190654954,18.797294099714474,0.05666515192236264,-1.9179670294213278,7.889782598357024
0.8398901710788698,17.875699597220034,0.32004715257809285,-1.5204756329288391,7.359230739602333
0.6465406048173511,16.517165841506916,0.7059928761902583,-0.941558317078227,6.585589486901704
0.7241210516510762,17.076171799717585,0.554259039170502,-1.169985958691276,6.897308769294334
0.34079854174696866,14.395882493397483,1.3169666269062272,-0.02205008714840088,5.363899633435856
0.11353845801017681,12.787624120387678,1.7721475294183917,0.6578892680800131,4.453768598946164
0.587986256273471,16.1125611139004,0.8246628305690402,-0.7648425029841263,6.352282877963267
0.41698566118413205,14.911480887620954,1.1658049552311778,-0.2519741328292768,5.6672318610717936
0.5946400913782335,16.174621444555953,0.8107731934229581,-0.7828953032252103,6.379615656007723
0.8828476370610178,18.170408313708677,0.23557571942399272,-1.6491401330915763,7.53163464582409
0.6170291699183031,16.326966485665046,0.7662576718008965,-0.8496587697784186,6.467944796783895
0.6705225156841217,16.694217752780403,0.6594380359855077,-1.0103216200214655,6.681502553113639
0.552165616344123,15.86212063846804,0.8956705418777005,-0.6566264714267523,6.208139704950692
0.5074106248996593,15.553651869969219,0.9869807561131394,-0.5211453749105651,6.029596295120715
0.3751594224663455,14.625700774517146,1.2496229197336257,-0.1254167818738645,5.500847511186812
0.21668121559860254,13.514313766533808,1.5655842532347803,0.34935908513588876,4.866468436509592
0.9362815512559963,18.557762048207206,0.12618205080900674,-1.8083247658936592,7.744890312395918
0.3734239073016695,14.613914707491004,1.2527763476920544,-0.11943900655727208,5.493047886138695
0.03626936656305546,12.24165961860223,1.9298815587514426,0.8912522163554778,4.144180055293491
0.9640825272345571,18.756497747091043,0.07227085772039978,-1.8916236900746652,7.8576284125711675
0.5259882591841049,15.674662526360724,0.9487154995589469,-0.5786260985810496,6.10315636112478
0.9399002368476458,18.580829021449105,0.11853677928518923,-1.819228474670329,7.758288723707918
0.8888366797665431,18.22694781922306,0.22066192407297133,-1.6660778298588939,7.554364526478958
0.15802862292579734,13.104028941088902,1.685103049666727,0.5263893735776249,4.632173878396301
0.8246208508570192,17.77294311447697,0.35088416266713546,-1.4729786867506256,7.297094480737487
0.34500018305403446,14.414099409489937,1.3102906652648507,-0.03615671418262331,5.380661370839592
0.1297111185246551,12.913764851731031,1.7415149926968012,0.6119396331980994,4.519386948592829
0.19989926144202985,13.401064604058831,1.5995004154684622,0.4001936342761079,4.800319307922207
0.8112870665631563,17.680598251779845,0.37743719678786714,-1.4338206997623417,7.245683058407446
0.20119316669680942,13.409815093697034,1.5974974719340373,0.39780944609562013,4.803744059917254
0.4847377878042506,15.390059366158539,1.0301153144663848,-0.45362527086023297,5.937864926735641
0.30998392729607527,14.169120769771368,1.3805274594967847,0.06944350476366068,5.241735590555722
0.34675134407480157,14.424149499329534,1.3077743776096047,-0.04090822303987973,5.387936402310864
0.49616925898232944,15.485705036745983,1.0086508457671888,-0.4883299675254298,5.987177676828408
0.25955933903422723,13.820980664886825,1.4807756176594946,0.2220637617165099,5.0383443714315135
0.12567630161364585,12.882050888878512,1.7489696352270416,0.6232826200242972,4.503115311701332
0.7313446032110277,17.120013201065788,0.5366670638069125,-1.194807940679137,6.926023237608902
0.16509754449726033,13.155890687254189,1.6704554213304887,0.5048956420262003,4.6612735208409735
0.16023654262055265,13.11919086583004,1.6774287123258773,0.5183281012089301,4.639393862479788
0.9551998300528773,18.685623601395463,0.08854672458827853,-1.867300114752332,7.821944976545964
0.4877586136330506,15.415358418199192,1.024682927817805,-0.46323822557476363,5.951817451630972
0.7776368666901491,17.43969685428297,0.4457029240060382,-1.3326402140842917,7.110308292938212
0.7180896475425,17.020262404477215,0.5632689527158666,-1.1553968432336352,6.87139130261975
0.5221848891625309,15.644664830757668,0.9560285739307516,-0.5669026081623724,6.087786945908816
0.1859406145780278,13.31160333899384,1.625486293985583,0.4422931679355073,4.744927274875263
0.4811229878008664,15.355872193020048,1.0382783419354003,-0.4444063815912655,5.923402324676614
0.3768090699340836,14.638635628702573,1.245783432359386,-0.13004911375852984,5.506030511739421
0.5421216161044888,15.785064222649005,0.9161097300874029,-0.6270438613757582,6.167346236663744
0.30121927365979884,14.107554389912186,1.3963064865621337,0.09666518567519752,5.203653753420389
0.6186707177172456,16.335728764904502,0.7642109625802542,-0.855995119179035,6.476076662313498
0.5766701084618431,16.04752958667181,0.8477013298527416,-0.7295476652216513,6.308796262985076
0.7817402049243957,17.475158556245834,0.43622919703166196,-1.3450867420850234,7.127485227506026
0.4598500173523774,15.217334251800391,1.0808932760110184,-0.38101781503668564,5.840479739775008
0.6534932186834214,16.569640485413444,0.6938765184333645,-0.9615123109033096,6.614212004811522
0.8116313503821343,17.670354257275633,0.37786576977724196,-1.4370891472866993,7.247160426650089
0.878200312897762,18.133136627051385,0.2426760299815831,-1.6358264293559632,7.510789237864407
0.893383075336298,18.25314423810981,0.21414535790851733,-1.6798710153241039,7.573428430609136
0.2936645337042191,14.053004618681518,1.4135384040472012,0.11863820434990854,5.175567613255047
0.7933334494188586,17.545142650041562,0.41544512374275216,-1.3814764594227262,7.1746048635656345
0.6893463761080382,16.831339522381217,0.62307507990243,-1.0668794364485021,6.757867670436999
0.3823947298842354,14.669570089170058,1.2343599408870365,-0.14912375919171178,5.529819048155739
0.9619859397201832,18.736631600378804,0.07566531782369722,-1.8850952474377718,7.847575954195463
0.01221168608008516,12.081893709791274,1.9771407127760092,0.9628220260619476,4.050017268590838
0.9520363900774679,18.665005886327123,0.09481871968043665,-1.8560681660131546,7.8066792712605135
0.6631837199868844,16.643539162968526,0.6736389723501611,-0.9899460622794267,6.654032653335721
0.5763228277461222,16.029031605968328,0.8469206065559782,-0.7303717993054756,6.30603838192724
0.7365126053425352,17.155351019779992,0.5270667534682025,-1.208785257950174,6.944665323743156
0.5722674361285375,16.01008092788388,0.8549608838278759,-0.7161756863223725,6.288250603875491
0.7142238720355142,17.012517617516156,0.5703419506014702,-1.140731353007564,6.856484916011691
0.25530569416754445,13.788156774551448,1.4898575427403538,0.23299120219731045,5.022563496365918
0.1638407067314559,13.152453231135718,1.6723500923487493,0.5076707926375321,4.657101810777057
0.491751358189242,15.455523335338746,1.0159380715213653,-0.4733317314305684,5.967204098924143
0.5558195808341041,15.894480574199605,0.8886990871755294,-0.6671723727816216,6.2240282316157645
0.809359486685392,17.663436492566525,0.38210529951372796,-1.4280802252263676,7.237174993507913
0.404354247950632,14.846154837814566,1.191448977372445,-0.21185694846560044,5.619630338291161
0.9767803731204417,18.845755619563402,0.0449209515317857,-1.9312656243363187,7.90876225672606
0.930484108685784,18.513859442651274,0.14002039005739228,-1.7913895428816393,7.722404884756965
0.795561707644521,17.581511077805775,0.40843344095048406,-1.3867626499831145,7.185407241595925
0.2261946121756956,13.593144156472372,1.54688025554096,0.32274119803705215,4.904396433405278
0.9407111416606189,18.579425203522113,0.11998051028402465,-1.822275070102638,7.7625025997405475
0.7567977045822207,17.30461514309262,0.4855207145885192,-1.270221386661325,7.028231988825124
0.08396270616277812,12.578944682930086,1.831549994389932,0.7477499365117689,4.334274336147689
0.5326425370442835,15.731629456891156,0.9358594953124947,-0.5969519403493299,6.130866370335008
0.3742402922537663,14.623943635044121,1.2527415117914398,-0.12182786889822385,5.497167517572742
0.9728052095239139,18.801805980264717,0.054688058294670785,-1.9196916440209835,7.8907899025235135
0.6269714535332855,16.38764810279308,0.746360952825196,-0.8811453338403705,6.508087235420106
0.1987058710116617,13.388950973251099,1.6038315172929776,0.40353267909587986,4.795764592867697
0.956859831609096,18.71075926217464,0.08402000400191711,-1.8693294970325052,7.827335841656755
0.005772788534791684,12.045461282150868,1.9876722265048403,0.983647304211761,4.022189076577038
0.02140638071694101,12.156247810398348,1.957052649797978,0.9366904743205187,4.086588913828422
0.7969617525872698,17.574815944187456,0.4050231049752722,-1.392147502779095,7.187204035698265
0.8851602789349042,18.190611076721588,0.22968071301233503,-1.6551184462500554,7.538822612421038
0.886055351849523,18.206903240125726,0.22802366897904244,-1.6577304813241411,7.544424135227095
0.9006854078734553,18.294294966230897,0.19887327802040008,-1.7033785821360694,7.602439691447572
0.19059422239759138,13.330478860263325,1.6171568816076762,0.4261059398168617,4.763119532506315
0.0738477509277341,12.508609462662003,1.8527538725097774,0.7771869379467351,4.295808103716049
0.1745560493428685,13.221954137589067,1.6503331512900865,0.47605290109911497,4.698134345383858
0.7177257543058579,17.02975743837871,0.5655196179188248,-1.1530686448053273,6.871724978681966
0.9316296549295742,18.530030111873344,0.13749948705075862,-1.7934968749106726,7.728573599447081
0.6346106851340667,16.444197698672856,0.7304507717571509,-0.903528336014236,6.538575979370601
0.4918560953561347,15.439612699416642,1.0170024849243477,-0.475748955061026,5.967574881818084
0.9549632301718894,18.681066044269542,0.09037063130521314,-1.8646720714787912,7.818752921012524
0.9350080076211403,18.542747189659618,0.12980903633446714,-1.8056220656156254,7.73943735141259
0.42748172330062995,14.992908846403651,1.1462259607905025,-0.28240484242712877,5.710727723559861
0.969579882143773,18.79876302849643,0.060166665708098414,-1.9079032777011944,7.879282865581276
0.3263406157015496,14.28671387354483,1.3467730181317499,0.020750400737527236,5.305718941587376
0.7527612258308429,17.268412949991102,0.49465424431525234,-1.2578105253637264,7.010214675125266
0.33716352027681384,14.371215626129626,1.3245255600753392,-0.010388641824739631,5.3488148848568065
0.9355793334385237,18.547611005877584,0.12768667798027158,-1.8075957348537781,7.7419648613577365
0.8311857006434629,17.808929439955076,0.3389306216140069,-1.4945805636795835,7.325116930631539
0.39228295778783784,14.740640962538176,1.2172912432278638,-0.17587073493989214,5.568816715091612
0.6074632594571872,16.272826617350322,0.7836415870085635,-0.81952286492553,6.430277469010941
0.11112406551366305,12.783842993818736,1.7779715324642367,0.6673612353125623,4.445018269431894
0.534658604787197,15.728845039828222,0.9316041558967686,-0.6062063681979172,6.1386145374856085
0.9833304605175017,18.88641994478648,0.03322441834108563,-1.9499937872724173,7.934338377786959
0.9573795177095523,18.700958973237896,0.08567925112189938,-1.873174240700675,7.830765750784854
0.7352670635239132,17.15553857154874,0.5298832265811396,-1.2044279909272677,6.941559944086963
0.3722436269077579,14.6118500525778,1.2559195259917835,-0.11605824780744356,5.490126954587174
0.3693194448853121,14.56839543333628,1.2620785681406745,-0.10943122674553767,5.476238111688592
0.4512198931243111,15.160056990567421,1.0968795229001331,-0.3527923066442584,5.804335989166308
0.14937550999598814,13.040359807710367,1.7025809689012745,0.550634329349458,4.5984160938326015
0.5901270665619787,16.128770734802362,0.8210961883258974,-0.7703679882187736,6.361455479651228
0.8204819079796851,17.75043650225546,0.36055721457833606,-1.4600071100122227,7.28323996043327
0.7620177338367323,17.32760396376911,0.47551477701451017,-1.286308831242998,7.046776341399672
0.9614395112373582,18.73410298464038,0.07920257497806003,-1.8837537982545827,7.846758641500386
0.9702309808494202,18.790668865880463,0.059289625303405716,-1.9115658938100746,7.8819214446141395
0.7721752768663661,17.40222186231938,0.45533997745868293,-1.3171868824579602,7.088541827008592
0.37428573617201866,14.622078278239963,1.2510482015948907,-0.12421327835237113,5.498572618422484
0.9390390838753631,18.565286975420058,0.12437558716185773,-1.8172727766661376,7.756237338156693
0.38636508575717254,14.69800392376783,1.2278313539060308,-0.16081117714339557,5.545812712486719
0.12515259996077344,12.879035462436136,1.7491755848196318,0.6242586873110054,4.501432963428797
0.24447959052030233,13.710154364730423,1.5114445323674865,0.26571728517379845,4.978147584194551
0.5667311156330361,15.967157800462033,0.8645184525746498,-0.700710409053438,6.265889752245111
0.06256161686230721,12.416197160634464,1.8752445152235258,0.8102996271050312,4.248669065797933
0.6515412958821941,16.542788747174082,0.6982914900996213,-0.9554940633159689,6.605011747071611
0.05917562706735946,12.409409695580912,1.8826922855582593,0.8221074553753784,4.236874357978011
0.409401204991817,14.868807863198612,1.1814308353681566,-0.2267771423111358,5.636337729008069
0.6407763238323101,16.494481959121703,0.718005079124565,-0.9218136489008036,6.563855331128065
0.5620939136160323,15.932460862083692,0.876970066217853,-0.686033018358975,6.248596086018934
0.74241293005922,17.184048373313317,0.51580119131354,-1.22805803887364,6.9688979666267326
0.8887172984818084,18.21033795687514,0.22474863965930847,-1.6660941373621483,7.553926347850012
0.292283105989921,14.055629703721536,1.416236039410969,0.1254337114337865,5.168469567197981
0.8362541656637372,17.85699941883724,0.32675746682676665,-1.5092166108707108,7.345977638859098
0.5449772063308284,15.824972285170729,0.9086291037999658,-0.6342690995262902,6.180574369898214
0.32866484047923683,14.3076401053795,1.3420362522285727,0.015306260009775769,5.314389081753632
0.8601704824645624,18.022522376494273,0.2797360993336912,-1.5814970492646252,7.442179354068088
0.4111908430971287,14.877031609976084,1.1778471073424928,-0.23329643698097788,5.645280991276369
0.5205839962485315,15.646339831663079,0.9595745264932756,-0.5610397058120755,6.081358805993121
0.9457100045966828,18.6238422397769,0.10954654544766522,-1.8376868999760434,7.784761804374869
0.335738985778555,14.351239808172512,1.3269771673468425,-0.008036640952730222,5.343842875827396
0.8277283635284733,17.790893279631284,0.3444562200596291,-1.4834982055640014,7.310200415928145
0.09627345398384957,12.666415246270674,1.8086688446684875,0.7103646659114132,4.384764894239346
0.6745201937683365,16.716146544917866,0.6498606338563817,-1.0242660431478727,6.697186831188324
0.6934158843056135,16.845179399636944,0.6141227155117673,-1.0805222507490286,6.773077730294021
0.1676049381202941,13.171813675573173,1.6636390992628105,0.49625085449722767,4.670820485638987
0.7559630842830902,17.297187645752242,0.4879101696289209,-1.26726204209302,7.024646682834648
0.1826837805663768,13.28063703680164,1.6335877202017486,0.4517701107103344,4.730640423681121
0.5662157372803867,15.971528637976675,0.8673237333865466,-0.698107849259675,6.26481579489217
0.4867413905108581,15.411907196204242,1.0259667171041733,-0.4596707298230247,5.946843092612622
0.1298037821349146,12.90206773183975,1.7416661164013434,0.6103502356821956,4.519244794582235
0.18645159612642204,13.307693162231176,1.6268036489994901,0.43979566835702366,4.746285531959304
0.9172336238384426,18.427523624241505,0.16418540151329455,-1.7505371212541332,7.668383446238337
0.3264300489323768,14.277622659221592,1.3488564146330562,0.02007085565157412,5.305663655485419
0.31373195293437983,14.188510628949901,1.3745659366705851,0.05834046743705424,5.25529452395163
0.9250035960998773,18.470973279343028,0.15081249304015948,-1.7762615885366986,7.700839221385526
0.2395868080407345,13.675805046739395,1.521168014814411,0.281747751364087,4.958036766416387
0.23147790525609235,13.611011446755057,1.5383537269381082,0.30455459961240483,4.925285098691707
0.4692547376619649,15.289346567258725,1.0623274162859604,-0.4063262712831285,5.877494678707871
0.5563559323777458,15.89215789367831,0.8877704657879717,-0.6694581889723821,6.225612911829581
0.11475219779416956,12.800043941074001,1.769499813430491,0.655720307441743,4.457790828495379
0.12098376391902932,12.85414549250121,1.7578731772842258,0.6371583388706246,4.485428799059594
0.11498982385482936,12.817240252611686,1.7686789456673466,0.656511927519212,4.460746272798273
0.65263605096927,16.558256206782268,0.6949814997750261,-0.9576854219440722,6.608812357754368
0.8231854163216368,17.756558121527732,0.35479310032654193,-1.47038397427434,7.292578334639513
0.7612198041297883,17.33654459729357,0.47636033047033866,-1.2833675102828292,7.046060725553949
0.0011228796856496137,12.010599041810048,1.9965930346665746,0.9953800619755881,4.005730380839206
0.4446741250834303,15.10609751254347,1.1108824101716754,-0.33423779848371193,5.778553410715049
0.4065052441380216,14.844398230654962,1.1890021120282261,-0.22006575977868778,5.628185339209652
0.9082215962967994,18.358938317753108,0.1830929462231959,-1.726136132295752,7.634936316203477
0.15894363077552032,13.110442891928791,1.6847480314913963,0.5244599212751788,4.635724777839236
0.02930532938957542,12.202755007048248,1.9419595019371043,0.9120184242497339,4.116220845287047
0.8703533351920573,18.096313840903356,0.25956364368288065,-1.6098309388601815,7.481588552832898
0.7121619604655485,16.9962886735652,0.5746344643551045,-1.136313747944291,6.849974663261096
0.9287247110786444,18.50141311306194,0.14243910141485955,-1.7870927629880025,7.71534511931713
0.8662381756008195,18.070999781845664,0.26912485157170424,-1.5964392883518246,7.465601513050647
0.993565270133996,18.96443947910366,0.012497994822116339,-1.9788662160005797,7.974016167950849
0.15223208123292675,13.069166129908842,1.695589776855363,0.5439664078401898,4.609566087639966
0.39090124794241643,14.74431829027632,1.219109065114867,-0.17111768443428985,5.562919448679473
0.391345358828572,14.736819783370386,1.215718779943104,-0.17517950587971196,5.565521389838645
0.855489979158878,17.98161712543877,0.28902055177403796,-1.5671427378679152,7.420697046333795
0.598698801665025,16.192613603383574,0.8034718974322148,-0.7951543181649591,6.394114699665815
0.6452723812862402,16.514484547774913,0.7099196183735362,-0.9357131544109584,6.580392508371829
0.026457373453238398,12.189874798660993,1.9468091839441244,0.9193778034109215,4.108007193069297
0.6244756543673087,16.371372610728987,0.750472255432002,-0.8730646513638024,6.4971238276619525
0.1759404336693453,13.237820064492244,1.6476769587917968,0.47292569639981186,4.704094875009695
0.9420620834453651,18.601822108569166,0.11623720066627921,-1.8237422547728832,7.766460293134285
0.5064786986776254,15.544245497552042,0.9878814188670483,-0.5178833859549414,6.0248426992320905
0.756006476268514,17.28380934067421,0.487635603123785,-1.2675213467875652,7.021767491429921
0.5629613233889984,15.937178534958171,0.8754407296869599,-0.6900619247259783,6.253127803141946
0.7776689366810969,17.44875871766181,0.4438391486592498,-1.3326882329903913,7.111079320093782
0.23565420723156372,13.644775420837746,1.5284756922221487,0.2936029401810224,4.940623076279217
0.820932057134763,17.73599176378483,0.3593421335631212,-1.4636490427005442,7.284403428644196
0.25862549059395457,13.811400914587765,1.4829528832792893,0.2240463051637793,5.034978210444691
0.9169628552852098,18.42108905847075,0.16602847477370175,-1.7516466491011193,7.668780911372485
0.7048913093643506,16.935207105030493,0.5898387061172778,-1.11470594189035,6.819997141002507
0.7328196035693795,17.11785508929063,0.5349803220540289,-1.201163069133949,6.932173691096739
0.5400306671241207,15.7834775260977,0.9191631799857544,-0.6202660147007036,6.1608184654520395
0.20295434665488,13.412940842186421,1.5945581463962069,0.38976281002991675,4.8113409154498985
0.02871124862241159,12.200810933152242,1.941784020452159,0.9139678888265177,4.11453093768218
0.9520511010185839,18.66813798490573,0.0957005700504292,-1.855984409663197,7.808408741102821
0.9065119932950885,18.348317305418156,0.18665379182158817,-1.7197130522816009,7.626542235492295
0.392171102689141,14.747219004382899,1.2153350319213432,-0.17640393187594855,5.568436909961948
0.8771423556928045,18.136510523423844,0.2459107077539027,-1.6328070639434813,7.509590887685415
0.70153530066136,16.920303340718693,0.5973834779650685,-1.1026087610524093,6.80581278643491
0.20133769167257087,13.411054335970384,1.5986701232229463,0.3966454169391944,4.805479505435442
0.8388544039870909,17.866732737714354,0.3229540921794866,-1.5170569086839838,7.355278562423709
0.9172687287460787,18.403329685100644,0.16662287356063876,-1.7542829909299087,7.669827448331452
0.9885871508809224,18.93249153342559,0.02088845549116668,-1.964408692323524,7.953990932459872
0.9983285593783784,18.993234585116472,0.005121509169771761,-1.9930584770573982,7.993659964116504
0.29048105666687274,14.030169602483628,1.419224521427694,0.1282533254862185,5.161644902633765
0.2951611189233633,14.06929795920242,1.409289471362577,0.11499280645900138,5.180680604141557
0.6515607285816278,16.558921504145854,0.6961348649442315,-0.9544695490584033,6.605569119824045
0.5203339837097224,15.662075455077986,0.9587395621231911,-0.5594892086825068,6.083609593655838
0.6330071814103789,16.433277098921803,0.7344775767051905,-0.8985483677442574,6.5319333363538545
0.6234688778888486,16.368025381794528,0.7539047683707216,-0.8695870678283043,6.494247512301551
0.9594542579213308,18.707393857280604,0.07959975588010335,-1.8792623769414474,7.835824194036315
0.06820725600152067,12.472119747216801,1.8638248556498913,0.7948945293374423,4.271815032344116
0.061257637984938995,12.438599635181465,1.8753752731550626,0.8184334450886589,4.243901102053756
0.5270929358567483,15.678091919692902,0.9470880107169038,-0.5827649432043137,6.1088972023723205
0.37702785479687406,14.633537637784325,1.2459561436363522,-0.13253673064946675,5.5081544302591245
0.7708661259971828,17.407654560763497,0.45756768770577216,-1.3114054260416765,7.083744685901651
0.9740579747822258,18.809427176159314,0.05328691395248439,-1.9233427244654098,7.896292742167927
0.2784024891638388,13.959307199301945,1.4416620551226926,0.16545499940752686,5.114105823368611
0.17782953563885406,13.250768196170263,1.6428137310162416,0.46668011850442354,4.710751442923539
0.5989063914738589,16.203747752325448,0.8008279404379007,-0.7952420422654354,6.396167726483548
0.9943729808746037,18.952768100795907,0.01196843777580431,-1.9847458125970958,7.977966947294705
0.10217699889961873,12.714699972938515,1.7962672068099397,0.6936514816311659,4.408303223145851
0.9082181724250382,18.356967059909323,0.1831704333801277,-1.7250684568020684,7.632490649952984
0.48750045097297023,15.429533401906802,1.0237272311216439,-0.4609639453043028,5.950789073993839
0.07247350191735658,12.50120935083745,1.855387192156176,0.7819823152949676,4.289430142325828
0.2801111497630825,13.951303309895366,1.4405286078617197,0.15840863879001385,5.120417586944993
0.16796389561108638,13.186433018624438,1.6638258138591653,0.4972129435387091,4.673559376035745
0.4154992936974419,14.90369691180997,1.1688782692580302,-0.24789759610952108,5.662482596214567
0.06508199849855933,12.460168652941976,1.86943980106912,0.80530633979883,4.260194146278358
0.519321383237398,15.642490831707507,0.9605259993138404,-0.5573882340907874,6.078072808733071
0.33957875950565064,14.362310313861066,1.320919711627297,-0.0190403100622498,5.355982876805818
0.46376606110689955,15.237829207727772,1.072720471480104,-0.3934218206802356,5.855143795534969
0.2337670128851893,13.632180583506907,1.5310460913318957,0.29718591440286213,4.935338923304479
0.34969531125354114,14.45437842474611,1.300765945159902,-0.04749030976880843,5.397686684279143
0.9574402941941116,18.696723910912887,0.08521920587645221,-1.8727529744498037,7.8291299772886935
0.3487305850824115,14.429469882422243,1.304492839924207,-0.04576137714921992,5.393811539224559
0.6077188953473308,16.24988479930105,0.7857484149763153,-0.8226721902968065,6.430251206102228
0.11324525467383317,12.79054580269785,1.7754654574077289,0.6602226116648531,4.454167194043764
0.25471396822881065,13.789940447405257,1.4906708650480587,0.2382443872338729,5.017571366499688
0.8351427293590599,17.852054496090915,0.3294116891869003,-1.5055195037637068,7.34131097299886
0.7601725412357341,17.325030273874358,0.48083675077044763,-1.2795672963429219,7.041772364271971
0.2887400969412576,14.027873566854785,1.4206347361649587,0.13424004017762584,5.154598075785216
0.829082327950767,17.815937948563658,0.3420183556395936,-1.4858472497310997,7.317834843406077
0.8357333509619971,17.839453899968284,0.3293103779960717,-1.5075158622150056,7.3408077483619625
0.5429392095457234,15.797741891137154,0.9136646425369094,-0.6293918730174535,6.170802490325105
0.32491878059939294,14.260830011517612,1.351459690965914,0.02484051702699945,5.297974535912051
0.3224023048832002,14.255289824281682,1.3560149992047121,0.034152339117823234,5.288225633329488
0.5610178684848538,15.926708151101963,0.8771073570005051,-0.6838559448949257,6.243480552295228
0.9118448351954909,18.390794470703856,0.17480881771452164,-1.7347522711129268,7.647439989287642
0.4990982670826174,15.485854487463346,1.0033644285593135,-0.49822910950460814,5.996666399517801
0.4944583701551215,15.458670847291778,1.011188427689581,-0.4832748427020675,5.977695928907464
0.06161610382114613,12.42293479323026,1.8775324265729707,0.8139943674469082,4.24651644618429
0.648826778428675,16.551221763265907,0.7007210977727633,-0.9443832807464744,6.594102057708698
0.7921974971913248,17.550677624074567,0.41520547741707303,-1.3757980133625431,7.169265138710343
0.8858618763485728,18.198810086413324,0.22806156868385083,-1.657731072280821,7.5435559526331035
0.4477837037170246,15.14026972882331,1.1038476344923704,-0.34282566144880616,5.790790303600532
0.3548784599073681,14.474785089580319,1.289749049388688,-0.06514726442020287,5.417231299382543
0.8620684469245004,18.03128686781837,0.27544654027851495,-1.5856624098884844,7.447294709760487
0.3360157740465002,14.35539487244922,1.3270551756766191,-0.005924363758940849,5.3433183221140785
0.14699279660690356,13.029704216265442,1.7063588898637863,0.5605264763451004,4.5863997968025805
0.8381941312541719,17.859516299112173,0.32375154372724896,-1.5159028166926405,7.352392362079399
0.329806375511702,14.306777217461873,1.3410097614220207,0.010675510363820655,5.319443138042197
0.6256878492404903,16.37171528193207,0.7493093124617018,-0.8773153704929608,6.50198190327779
0.2732816674688826,13.910098044461842,1.4544705407991247,0.17960652220775059,5.093401499881139
0.6191172796641476,16.338569696750035,0.759734360082726,-0.8576144600392929,6.476253432525546
0.44521495521008647,15.129449993154344,1.1082618942799913,-0.3345058318457182,5.782157107148625
0.046717348070732245,12.326988680027844,1.9083828179315292,0.8593802046026937,4.188169557875034
0.8839092723791513,18.19554254786044,0.23101000188658533,-1.6516412493830122,7.536328785808935
0.6508864331781546,16.56247171509355,0.6974790196986513,-0.9516378288683247,6.603440666386443
0.2674793102274824,13.860551068869428,1.4653931501040247,0.19570516883556086,5.070071572896417
0.8687824060967048,18.081154523617545,0.26096670795345717,-1.60606468306916,7.4741777844861526
0.6903559078102343,16.826957908842985,0.6193464576930305,-1.071257646967744,6.7613646959379965
0.24570371070346864,13.720200635089665,1.5099319820265744,0.2634004921162988,4.982889942569803
0.8864001538450859,18.209528099357605,0.22749380199959493,-1.6589204801109474,7.5463044784983015
0.7318633007195352,17.12856395669381,0.536190689819326,-1.1950163702918173,6.927401345899627
0.478475349647125,15.359481190631731,1.043856250665082,-0.4329469236921568,5.914268315231232
0.5369723235184046,15.752868521601222,0.926403010471227,-0.6112388010143981,6.147321552839462
0.35960589298556744,14.516305959102349,1.2800052475448325,-0.07960941194468812,5.439344821343204
0.07730829425142427,12.547273827647532,1.8458002703241694,0.768492158147547,4.31067461548674
0.13817198616593995,12.976490373572252,1.7228099209468535,0.5857306712766256,4.555019472253389
0.3398148677466216,14.383073810320049,1.31935970549951,-0.01943503557067007,5.359269978913724
0.2611640331961358,13.820403766895414,1.4775193954804584,0.2160336794385509,5.043574368937556
0.7952745282406758,17.55989624294704,0.40927617933394544,-1.3871802791624013,7.18088247819477
0.7373184456396987,17.172061922330414,0.5252872253007517,-1.2109086839530312,6.951062908117499
0.19608594831862913,13.382215924493188,1.6080301701561373,0.4128614002713252,4.785469508597666
0.712592013545924,16.990279805372587,0.5743280323239313,-1.1387099968889043,6.852183800259998
0.18124050210479659,13.276350203314927,1.637085933542888,0.4577099461760197,4.724252673481497
0.2057347305650058,13.43852474339924,1.5893599345899252,0.38282281382456673,4.823220181022146
0.40956878175362155,14.8688029866455,1.1800860285430876,-0.22922340687666995,5.639018435676395
0.19395092381009071,13.361330583012704,1.612218086576048,0.418049428071766,4.777923411942415
0.5324867959758758,15.726126311723405,0.9354170489104633,-0.5976939405973986,6.130439407229639
0.9744286147267509,18.81717352841704,0.05147716702558603,-1.9242759065501427,7.897288345297552
0.6910889496191066,16.843503262230342,0.6182739629228645,-1.0727582641492992,6.764882248420321
0.16478275035686984,13.150438173459744,1.6710605881006646,0.5061918729732208,4.65894854724114
0.5039173270767476,15.535443997262107,0.9903684066961882,-0.5117279164101189,6.016763633987113
0.28879385334616103,14.02005252143137,1.4232216088882779,0.1339140676535256,5.155565431255182
0.6321569174681516,16.415655896359738,0.7365083011537926,-0.8967878701056036,6.527579965545445
0.7148715218218535,16.99338529370712,0.5705517157661165,-1.1460391953046263,6.858305129223589
0.5299279851667607,15.699829548609399,0.9410761878993762,-0.5914190678082211,6.119620115906078
0.463126887812227,15.248275183889083,1.074309125951466,-0.3891351088533394,5.854870998274135
0.05015974676708901,12.345815996497869,1.902079172042718,0.8505657473600596,4.20014426140175
0.09855318836554738,12.681806878599101,1.804348449754018,0.7049013200984764,4.393061795140436
0.23068950252516873,13.61509603223378,1.538716953819674,0.3078865469673472,4.922447450420288
0.7766978186045824,17.43060249087773,0.4454718141636625,-1.3300134722235841,7.1050962924913605
0.9264835470743357,18.476119411151657,0.14904151965573223,-1.7785970591549791,7.704649123425435
0.14384113260556708,13.009105255683044,1.7124804908129936,0.5692455265282608,4.575729423465574
0.054541846305089625,12.384110654040768,1.8914124259824263,0.8351201282898352,4.220211429355707
0.870697485394239,18.09635209118872,0.25811386891401195,-1.6130671645961931,7.4833762574922735
0.7511664263134505,17.256080504206686,0.4968807090598603,-1.2532533395910834,7.004031314583683
0.7003346722873385,16.904387233879856,0.600116054618657,-1.1005536674682648,6.801230766843045
0.34562491516208405,14.426983075280305,1.3086619510102457,-0.03547468120082109,5.382194964325899
0.6974250923049231,16.880175900326535,0.6058818645022572,-1.0917679910081266,6.789833238282956
0.679255295574176,16.77109548334891,0.6414210731738561,-1.036355669425528,6.719101628707595
0.3288462592045772,14.294598219976887,1.3432480399044924,0.01242618410295371,5.315482722459575
0.8494967889335253,17.947643208451936,0.3018844022809291,-1.5486869369833245,7.399858712237166
0.5748210321743715,16.025476078902237,0.8503903478722077,-0.7239865738551293,6.30001719096998
0.5657893799101039,15.950290243280765,0.8693255965960135,-0.696365268392959,6.260774250388002
0.04833804620305482,12.343653106013198,1.9031496926272586,0.8556078475453962,4.194750834887623
0.04036922642899432,12.307858877330432,1.918176850518185,0.8805626868648324,4.164762254919556
0.39498274347326456,14.755974385845244,1.2109127559368045,-0.18530228271065255,5.578501400695705
0.15292020073167745,13.069044516005938,1.694305332950657,0.5423635241580698,4.610194102092574
0.8081304927974068,17.647762604508735,0.3860132910321293,-1.4255153737578408,7.233185703012315
0.9002972346392515,18.31290524835974,0.19881644509955546,-1.6994011693728295,7.60161507633882
0.12838744233168242,12.900952802400298,1.7436979884791717,0.615611037994296,4.512377426405445
0.03358857938816595,12.228510173694383,1.9338235839874998,0.8981281260272936,4.134872450771656
0.3055686935411551,14.137769545546927,1.3895970582039252,0.08283056495798573,5.223647065733766
0.9986663657948476,18.983473986699423,0.0030432860975366013,-1.9966800293976874,7.994257918250533
0.6738291421727749,16.726242729335794,0.6525710895436434,-1.02105111851947,6.69686276486586
0.36824683615987885,14.570925785994728,1.2637180878282992,-0.10501836489421629,5.471810731445775
0.8800117578343648,18.168371168908383,0.23896896793598157,-1.6394276510168933,7.520187984681398
0.8958045105765658,18.277928752268053,0.20839174495753332,-1.6861481011616564,7.583115452369158
0.8691924838077251,18.08016373859132,0.2609695501844648,-1.6092757716347301,7.476521965996202
0.8519261014492313,17.961447811080617,0.29565575228076885,-1.5570503209580422,7.40818519457638
0.5254210186095286,15.688866118294865,0.9488882224276372,-0.5746794004848371,6.101804560604921
0.365610594204377,14.565799769121384,1.2695951730745354,-0.09638084928306204,5.463473978237028
0.8229425053607623,17.755686838915885,0.3547458400856113,-1.4681540339178918,7.290591179754102
0.16324097895928003,13.139437148878347,1.6731325071173302,0.5092158562597024,4.6525438370539485
0.8983181512248711,18.282956440967972,0.20479617529411828,-1.6942523030789964,7.591939218661915
0.5803467309680032,16.072063830114075,0.8388645499545995,-0.7394631463304356,6.320975604902056
0.29021451418212996,14.049623839142583,1.4183971429236542,0.1302466803806579,5.163539555011277
0.6947435377127053,16.846642939660967,0.6110170783364791,-1.08591242590336,6.778186178605356
0.1325361403285421,12.928119890494607,1.7340465492280073,0.6021941867324939,4.5296265072652755
0.013649064952326762,12.11082887090714,1.9729659691147505,0.9624162482360242,4.0540979283928715
0.028529697467748694,12.197664206430709,1.9423428464180923,0.914364738497096,4.114118120551643
0.9892586910718157,18.930954862477613,0.020843643548350693,-1.9665249637154738,7.957803255455647
0.13289385757867056,12.92254067069815,1.7363455008740492,0.6000232308012511,4.532773407351843
0.2777400234184846,13.958102071369263,1.4442711006645872,0.16831013155470462,5.111750451954973
0.7312206449501231,17.11256289963133,0.5360576883665382,-1.1945191765600023,6.923371687929769
0.433628105418593,15.027694466601211,1.1332829841180008,-0.30088624296842226,5.733653183960625
0.9273616329206498,18.488009414899384,0.14440686977991055,-1.7826726056325617,7.7080176351341
0.46914234135836785,15.281561285022564,1.0630232741169947,-0.40700620887284206,5.876865245568264
0.6013415666787713,16.213511949928886,0.7968552163337613,-0.8035080207970037,6.404824283455318
0.9133348482228203,18.40466381115916,0.17234444939834792,-1.7388039789344563,7.654475866297036
0.6486705099908077,16.54443181788722,0.702543550896184,-0.9468148874053449,6.595701002047739
0.4503992922788128,15.14908682606513,1.0989403401354707,-0.35161202571596684,5.801312859474477
0.14108854944146665,12.982110566183268,1.718762071510559,0.5768338381279191,4.562533237783206
0.5915528397050327,16.134125362723793,0.8191226410758413,-0.7740841125246672,6.365576717807625
0.8935804378909752,18.246814629334068,0.21250746697045284,-1.6813468517827217,7.572932270965835
0.47711321233145554,15.35911025540082,1.0434642938606786,-0.43015721310756877,5.909438361302363
0.6910195541521956,16.848436762384157,0.6178151888614749,-1.072392453520831,6.765565088237315
0.3825955576707031,14.688522837285296,1.2352579065408336,-0.14544415892343865,5.529472403878855
0.36046955930539315,14.527091230253053,1.278012092262454,-0.0827732494209893,5.443652549984354
0.7172009746521056,17.027615098243967,0.5663871984944545,-1.14992085616785,6.868086801512297
0.042757359221038405,12.301131186093595,1.9140432464258936,0.8720510734948508,4.170711247240273
0.9091894561814788,18.36736794198667,0.1803020370615064,-1.7270797527254025,7.636617235160091
0.781093210336321,17.483262148595557,0.4368616290850614,-1.3409682302176973,7.124402252386209
0.5745501594301431,16.02170844555614,0.8519640238276123,-0.7224147362278545,6.297744360684677
0.32758879570952126,14.30049716341197,1.3443478157395883,0.016801572255436117,5.311556304039653
0.6598043482444059,16.611182780870486,0.679568853428693,-0.9802967709427962,6.638777973014869
0.47559152456562115,15.331265021852554,1.0486181069688971,-0.427403628776931,5.903851627174742
0.8296319437962448,17.809806267963566,0.34226829379833423,-1.4878673727081793,7.318766729886361
0.6020352576504782,16.204457532583767,0.796221844404128,-0.8062487035279179,6.405902280290263
0.23785771975645376,13.670003641909634,1.521711411414933,0.28622722984421806,4.9514546649158255
0.07214528270210918,12.50842582907441,1.855129640673537,0.7832146650494961,4.289623286002365
0.7112981121027016,16.991578117892736,0.5776047421348787,-1.1328178252829508,6.846620165095081
0.5894994148060353,16.129533205896188,0.8206525717101588,-0.7686574358614868,6.359296951104961
0.4075056358287368,14.836675107830331,1.185121330816196,-0.22466984139215312,5.629608976384408
0.8425816863817402,17.89796220669377,0.3141414073762618,-1.5291026646308745,7.371169564823879
0.9568431201755799,18.698093415566973,0.08534239506694705,-1.8718104670027635,7.829059811891224
0.7467699644745391,17.227210359353215,0.5062502195201162,-1.239875841899948,6.986892460886643
0.15571125348429216,13.09357014202147,1.6884785890876033,0.5339804356349932,4.621714069131545
0.8422279841058009,17.897149489369575,0.3139555016856369,-1.526020904761461,7.3681334947106745
0.11118459643066403,12.775759664242267,1.7779675218151592,0.6661185216365154,4.44456360766789
0.1461496945087547,13.022938275302229,1.7083834249635015,0.5615580828056321,4.585233491011506
0.8122368666099058,17.69310558007199,0.37399028532330936,-1.4358491851381565,7.24913579287074
0.9461349914985365,18.617758057601804,0.10835155485507007,-1.8383307230892911,7.783317359707756
0.8600393387273266,18.026861456329016,0.2810690423326583,-1.5788796948670627,7.440188422368632
0.8276563984036451,17.80213645213851,0.34291196382700756,-1.4827724131860112,7.3105645002218935
0.4491926059219017,15.154998236861335,1.10183051761352,-0.3447625492761124,5.797106180924086
0.3054787339916194,14.138433871347459,1.3878929558287914,0.08335678913231694,5.221465094567804
0.3062839901766038,14.15439399943825,1.3863757368084393,0.08130255632224806,5.22606359772581
0.530762852156968,15.71028361128516,0.9378310363221808,-0.5935596180537599,6.122615601521099
0.3918360430789596,14.751474745791215,1.2157903276139477,-0.17482737191815978,5.568545154203223
0.04427361212256342,12.306875474881421,1.9116624320070603,0.8665346146080777,4.177256911710547
0.9884989414633645,18.927041765403487,0.02164744862164071,-1.9645731278763998,7.953787198172159
0.8832578198567677,18.198067757693067,0.23226516448620332,-1.6474713422874234,7.53298902857796
0.09275804768697749,12.64371770770383,1.8146180444925837,0.720894150664626,4.371215626060718
0.16084430288343265,13.126035537983958,1.6776448471796466,0.5188499037483687,4.642701142523447
0.8900306784733005,18.247145100454603,0.2196359184191035,-1.667807851064951,7.560144073583531
0.18550355285783016,13.286481233994401,1.628405276292351,0.4410528976374338,4.741581281006765
0.18287339225824495,13.27546062810473,1.633718381096256,0.45095235011339113,4.729682917501978
0.025372411888399116,12.194201844051431,1.9483251704210276,0.9253548207364687,4.102379043958524
0.2253458180531155,13.577430516293736,1.5494356082133829,0.32393798395970014,4.901715428762219
0.518628282931533,15.630139609468097,0.9616329025211944,-0.5553774382623502,6.073134231794683
0.6100051318537323,16.274539846926857,0.778516216833161,-0.8294065049135493,6.4392447784429745
0.3999815740818151,14.791027410126283,1.199946962345683,-0.20072775176844135,5.599645942918171
0.32812558416760407,14.29544783973004,1.3433756233586307,0.014620592200021348,5.312547764313082
0.8931378099022163,18.257669207560753,0.21420738839739809,-1.6793970742199418,7.574080490070708
0.5262609108722932,15.688913665090112,0.9459321653057046,-0.5792246912554643,6.105790451701223
0.5051575566050567,15.532824795582819,0.9893834694605257,-0.5150143860084353,6.019463680046005
0.5248238805138209,15.67802707609422,0.949441702959955,-0.5737751981835089,6.098855051081056
0.08036074669875481,12.568426561993073,1.8390435406621288,0.758705796493347,4.322204009699149
0.9595929751397926,18.727099395250725,0.08039913254705049,-1.8776490838727613,7.8384873109747115
0.9232505528018665,18.4633003028056,0.15427576179262092,-1.769058663988314,7.692449241864517
0.7155414879572702,17.012269140455004,0.5695665926813103,-1.1464006223649748,6.862887020412913
0.3525359454248138,14.462311924128516,1.2960720611471748,-0.05743159886383958,5.409820749580655
0.5855689282609343,16.091284546290048,0.829287944925941,-0.757534239478353,6.342077069100169
0.6263380441572988,16.40193068722606,0.7461497056801802,-0.8771669263357227,6.506342008921008
0.4303171516192601,15.012104657732865,1.1395347641327465,-0.2901252445420968,5.720229990238376
0.5370066223020248,15.757229601137826,0.9249610473730379,-0.611713623842767,6.147504491762368
0.2082332388743925,13.462109029284925,1.5823292502584072,0.3745693312736254,4.833994601889099
0.5358501017706191,15.753430320625258,0.9282439265657532,-0.6073416025107619,6.1439977429738715
0.9827107399922317,18.881005595289032,0.03436112210497152,-1.948742072625222,7.931123490168307
0.5917111205932107,16.142904192957698,0.8154452749446263,-0.7743905499443257,6.365966099856779
0.9892191752066166,18.938443496942902,0.020064091764716963,-1.966035851326817,7.956483217774435
0.7983739917547046,17.577544069526965,0.40374028039068555,-1.3956822929290131,7.191670005898556
0.49351127070981304,15.44743999446651,1.0132549114065865,-0.48188916248801367,5.9744509150084095
0.2438489544995176,13.719824600348034,1.512402451983625,0.268874007557099,4.978036506872848
0.8626535536218176,18.02556315322317,0.2758283003974908,-1.5895034583891543,7.449854670540036
0.37819280918257536,14.64193559793127,1.2439548380880714,-0.1358451476904923,5.513301383566064
0.8101544869081504,17.662666871096604,0.3801331310532195,-1.4311361515254124,7.239959477638638
0.37315456792976764,14.605419124209899,1.252412350395663,-0.1222265259245578,5.49414968855964
0.7108496786047339,16.96112037365311,0.5796959388843336,-1.1332513866489802,6.842117616227331
0.5248518407889087,15.68651885956084,0.9494327418015719,-0.5741346039415787,6.101018342430813
0.2930253123541692,14.052509711030387,1.412804879216002,0.12064568220141572,5.171921891114847
0.03153092853573447,12.220246269663239,1.937780670832348,0.9048158063898101,4.127416441211434
0.5559476863273417,15.894481692818383,0.8872704142032106,-0.66836272252834,6.224017884900802
0.7021968900631855,16.925888431763877,0.5947758971585398,-1.1057882518578181,6.809525768865756
0.16974221672766643,13.17876609284385,1.660111463174623,0.4893490952026702,4.6777515647039944
0.06324368284236226,12.44190024063264,1.872308146717403,0.8102390709331221,4.251235984933148
0.2650205483891208,13.869304921645114,1.469778202233723,0.20696860269124723,5.061688038434644
0.04166633506902795,12.300606699531386,1.9162818604757474,0.8748014847841706,4.168143518555861
0.16077757695554085,13.131094795458559,1.6795932603007262,0.5180335154548139,4.64454509264922
0.020990088859375144,12.152975318016587,1.9576701761767854,0.9367133410968789,4.085424740199577
0.10892401153058917,12.751070504621222,1.784080446570852,0.6741254601542641,4.433480289667468
0.44520879892849585,15.116721875066027,1.1097525326804636,-0.33694740037970833,5.78249733239264
0.6056353681750284,16.22987758963619,0.7906524885879542,-0.8170048710678129,6.422130099531574
0.0552802018863795,12.385919460193051,1.8888018297716227,0.8341695846806493,4.219924139683642
0.7840973089989123,17.496662256737412,0.43071799255118004,-1.351633512089948,7.135741442907839
0.06661881894104049,12.472240744804953,1.8658603933286022,0.798821002657439,4.269306573983931
0.13176043887472644,12.924460008756476,1.735729866537035,0.6054439365257198,4.526607813251295
0.3333256477597353,14.337063104265706,1.3331675411571366,0.00012187098270056563,5.332736413927395
0.5861689295791925,16.090943997373046,0.8286118968528634,-0.7605022211472678,6.344452492032531
0.7374280770962011,17.161575943943213,0.5243961057518315,-1.2123452070502436,6.949601758293236
0.2073378680855149,13.443735946394035,1.5858299124980682,0.3768557966812948,4.829950681285525
0.18876291225048225,13.317314333060981,1.6217643042692416,0.43325800997000213,4.754738803407695
0.6672493082010396,16.668510228647982,0.6677236967048809,-1.0013922409779117,6.66934025472937
0.5224457139069183,15.656071664506245,0.9541041525169864,-0.5686327737414439,6.090310751682333
0.8424883976127351,17.889978558592,0.3152778366315055,-1.5273478350820384,7.3680505045307925
0.7064233784245132,16.950250819008396,0.5866168562853807,-1.118419975302856,6.825905333245251
0.906817777548883,18.343530938428593,0.18638542716236461,-1.7202227415048035,7.626262512918801
0.5804747435318697,16.06077051834925,0.837735150961448,-0.7413009028254531,6.320859584950358
0.22332020720244772,13.55863892084973,1.5530053845185543,0.33003049953114005,4.891432322872336
0.7904803996015174,17.534388856081236,0.4200639734244886,-1.3704373677447614,7.161964433861451
0.996645032808144,18.981481401976406,0.00643066012522174,-1.9897295983067294,7.987547027321401
0.70008682240347,16.90798164169345,0.5989938932002092,-1.1008300349180742,6.8014173626654335
0.9535198326126899,18.678290591190137,0.09335119811655891,-1.8599963596276652,7.814890634591374
0.7980127522254737,17.585373495532675,0.40273942616254715,-1.3951640742201827,7.1919312475063455
0.6647226684656435,16.649011990113927,0.6708385487662937,-0.9935996252269998,6.658072388233242
0.4373250791754164,15.069424857373296,1.1262666079020582,-0.31108547592911623,5.75065337750793
0.2666142284321329,13.8723784352872,1.4673465370979148,0.20054140511360966,5.067743597454901
0.9769520166336204,18.82724538568768,0.04543510167330419,-1.9331392497921194,7.906931320180472
0.5238552269058895,15.661318112124174,0.9537534149140964,-0.5717136161446263,6.0955519214042155
0.37438702149933,14.612083623017742,1.2523153756352974,-0.12417280985173566,5.497966234922992
0.547488747672723,15.835423309116665,0.9057803937095422,-0.6417120758200554,6.19100524514203
0.44802901282884533,15.134922858892825,1.1034648222478554,-0.34521098697825003,5.792521028029313
0.2758771475873236,13.92527555683595,1.447468367017059,0.1715567292217083,5.102358352571271
0.04474890942070764,12.307658690826232,1.9122170800813403,0.8656497322242424,4.177961460629072
0.48961467404698855,15.434346045810493,1.020083624446071,-0.4685359283145883,5.959132275585038
0.005186824775610721,12.040711483065639,1.9902862402736272,0.9841636286193605,4.021191709538242
0.9671352282579685,18.77209546741947,0.06588043937833155,-1.9011554102019614,7.868950592646067
0.6285270504201985,16.382616429947976,0.7439581307563768,-0.8875022840225073,6.513176398945536
0.6434197104335492,16.510906384825738,0.7124170091471919,-0.9296925836461222,6.574312356522634
0.38031708686454113,14.666659347030231,1.2386380024702488,-0.14060669657314928,5.521547488237368
0.02179290203522133,12.150280500121514,1.9547209903096492,0.9342121468930483,4.085879088710515
0.7592506155879886,17.307754391927013,0.4816710007309735,-1.2794809143914432,7.037570173574934
0.7490892969163394,17.24697652736132,0.4991953387153676,-1.2475150248117488,6.995906781789215
0.02279796263604661,12.160505867037688,1.9546920303835733,0.9308629769671359,4.091608068124488
0.2832128736589957,13.978048557339633,1.4345225792444616,0.1500416634417539,5.133166603089032
0.6398644013177132,16.483902956647864,0.7204440750516953,-0.9192054461251284,6.55984798909747
0.66810311095479,16.675663517119588,0.6645210975015812,-1.0038323068000716,6.671552020399417
0.8372791934331575,17.85892845522858,0.3242136106228928,-1.5126651152771518,7.349036099920634
0.6665498658103302,16.66866339388409,0.6687972297705831,-0.9980693285161684,6.666482780492229
0.4146076462019257,14.897148352246504,1.1705226245463185,-0.24308343985007597,5.6560879428341835
0.2391156659691721,13.673904982731468,1.5219951810306334,0.2838411332674942,4.955413345008296
0.23509033078117758,13.639883808032447,1.5301165662241276,0.29447963977013647,4.940238302550167
0.7966780676175604,17.574145385765604,0.4058746591520037,-1.3900964179561963,7.185947645331131
0.9393509902561966,18.579949485412072,0.1217477764137997,-1.8178566124409525,7.758262152635823
0.8080314034653164,17.663478531628353,0.38361174275478527,-1.4236825814188476,7.233381320663161
0.0004925208900048439,12.008360009866635,2.0002285608811947,1.0001479692357689,4.001882299013296
0.3050973780487237,14.127193541265019,1.3903316550063025,0.08338321063824916,5.2200153917047265
0.3731910894544439,14.614786138797992,1.2534459773811109,-0.12006595113037181,5.493229531309667
0.015364051486228658,12.11742489996493,1.969403168186893,0.955720752746021,4.062293317481286
0.551005868900339,15.858897468344086,0.8983496252870731,-0.6525741612236085,6.203960668352303
0.14466236188086823,13.021361810511996,1.7100371705192157,0.5665102435326717,4.579188970567553
0.5198219685984998,15.641227566465256,0.9592107735003279,-0.5593076400997151,6.079171514780635
0.6059815732208457,16.2418478526265,0.786699392644521,-0.8189117049654888,6.423896601946454
0.6616105958714805,16.6347814519573,0.6769457083433581,-0.9842542956135453,6.645956335828072
0.18948745090028474,13.314292797470017,1.6230422473268173,0.4299625617926021,4.757869691272268
0.8379397422166294,17.868741450132923,0.3224241218022924,-1.513792296963783,7.352095495268579
0.17191093592132234,13.210057037828083,1.6556904851720413,0.4848167773930468,4.689027505773411
0.9151307228187849,18.4070961935004,0.17019956220109303,-1.7452719066656297,7.660896878565511
0.4598678004126364,15.233015769797184,1.0805606797609395,-0.3787690593787606,5.842134383861864
0.675939025665275,16.734671401561254,0.6485490201589389,-1.0274741607504465,6.705086154320167
0.6409761929170579,16.47514007647295,0.7186556012894783,-0.9240580877641879,6.563547276284758
0.6170099122493398,16.322978398408615,0.7640582269506583,-0.8507456204543689,6.46804117423401
0.7353460979061748,17.148683369079784,0.5304944509615435,-1.2055556777268481,6.941067732273435
0.41577418548276135,14.917721155056684,1.1684590359744305,-0.24695622146577736,5.664095822262866
0.2867701943510427,14.007480231584198,1.4264965669526743,0.13979755149215656,5.147371556442843
0.7556941567759682,17.293332930199984,0.4875820006078191,-1.2676905138719603,7.023186947633171
0.5167139390961075,15.61068175671192,0.96701487892791,-0.5501118669461882,6.06594222762585
0.1671708477819357,13.157251017463786,1.6667920470219026,0.4981699610845344,4.667137985975704
0.9212958911916357,18.446116607543033,0.15865641846532672,-1.7635107690408798,7.684419110095079
0.08124417385010496,12.577772860087965,1.8377885679401864,0.7566098731312917,4.326331436185508
0.02544923885577155,12.17373735385009,1.9488210810456414,0.9226404102691206,4.101835570189509
0.5777097818910566,16.050187609937097,0.845395009918893,-0.7326418262910568,6.312882996450623
0.8797320262836594,18.15705077355736,0.24251204670831425,-1.6374446534977323,7.517860051040656
0.6145036586728068,16.302403261384825,0.7701082610297098,-0.8446462736544846,6.458468612151642
0.15808928851298532,13.124950996918237,1.6822244623325837,0.5282347652396588,4.6324512375299856
0.553670008143675,15.878114912535725,0.8936275348311234,-0.6602584967829177,6.215989694966262
0.4363922746965625,15.05376759277467,1.1277235695730596,-0.3094593267542038,5.7456440477179935
0.9584352852475164,18.71502415975072,0.08241444977062923,-1.874536088056407,7.8343495316880745
0.9505601213230388,18.663307219691415,0.09824749051245503,-1.8501985926581972,7.802168757176119
0.7181873703143229,17.03586706214942,0.5634396244417437,-1.1543989247851822,6.8736231881965075
0.7143147169538857,16.992527647952013,0.5728182385751418,-1.1430642479280537,6.8564538038769935
0.5179474701996792,15.64303960153588,0.963795692674727,-0.5525734480605092,6.07355377519737
0.981254816434243,18.869060580065792,0.03635413340150442,-1.9442655076553088,7.925206759587172
0.18889802286033341,13.319048511645262,1.62221929393704,0.4328863753834452,4.754774468825095
0.8989069115478389,18.29159070732004,0.20356536664248498,-1.697328472628616,7.596625908764577
0.5365889549764631,15.760718758545899,0.924701191667493,-0.6119699792088092,6.148515386402527
0.9072980532752195,18.358965778727978,0.18600934859533552,-1.7211348243121234,7.630875198919417
0.0004997373758839352,12.011400969457647,1.998240630553531,1.0009726326649309,4.001019070536822
0.7614236765211179,17.316635561726937,0.477978160080992,-1.285406773704038,7.045543082888707
0.34243895198628505,14.397337277435359,1.3150751550285125,-0.02560477623614148,5.3680975148278405
0.6087411787174546,16.264220926055124,0.783132913640696,-0.8253637381011241,6.43453797616941
0.8179626564712943,17.73015938425482,0.36459729815634134,-1.4537589594898035,7.272376293098056
0.7778207723940127,17.46013430109764,0.44281596701262016,-1.3320260201616332,7.111782499131282
0.30570793017905185,14.137218084807298,1.38711000650776,0.08031294053788603,5.224336394435863
0.16886693783703666,13.18153423957083,1.6631458903150642,0.49310119740068514,4.67602695988573
0.09627279960617119,12.666822591823735,1.808373964009972,0.7106998031905603,4.384045128207828
0.5944475956341889,16.169262380992834,0.8111352396025441,-0.783735474977636,6.379694543412805
0.0631930548860683,12.447846177776718,1.8727214497261409,0.8110885383444488,4.252160536032174
0.4447825114789139,15.119752432828495,1.1112157514858827,-0.3332713740638331,5.7803458356666555
0.30186784174852954,14.105021976122117,1.3948770109530915,0.09224051328407688,5.207593625553781
0.40422456860213674,14.836068110094509,1.1900327235161219,-0.21266714795492137,5.616726087961651
0.41718882204081165,14.9177705770611,1.165444105141461,-0.25283661936103125,5.66917958898121
0.7415160126899331,17.199045821028687,0.5161015872147938,-1.2245758274449963,6.967475692962115
0.4443183420291502,15.117119554388147,1.1121867510191226,-0.3312817678225151,5.7778755795172465
0.1748020420082278,13.229631432579875,1.6513149244194039,0.4761028168654454,4.7011546338681125
0.4946425373528611,15.456462992462441,1.0108530639543665,-0.4842561035322371,5.9778092316061135
0.9970064380866657,18.980475222259873,0.005546102283161215,-1.9916366571460082,7.989254525285927
0.9078715745299328,18.36891371951515,0.18320703817619108,-1.7225561121354478,7.632996799755017
0.8682501718929566,18.080282625029803,0.26299067410035804,-1.6062692226637898,7.474473858194936
0.3549289641856578,14.482988929264991,1.2898070842259628,-0.06386326493611919,5.418524645554748
0.6759050056423641,16.726122451082674,0.6471763697057831,-1.0289503701109668,6.703694633069463
0.9756688063978098,18.82718661051008,0.04921077760143005,-1.927658070939731,7.903060236445312
0.708252647621488,16.956958168438746,0.5816676761644878,-1.124725524199022,6.831386369567648
0.8420563426323485,17.893987123313398,0.3165268431952179,-1.5255369217962123,7.367675826115396
0.7380629769472621,17.16293941098622,0.5248784345722974,-1.2140574494096539,6.9515819538958
0.047767699847281575,12.323094026618246,1.9053460146380345,0.855416105429498,4.190859257836117
0.44601525247817453,15.128104002597556,1.1072349376178616,-0.33675511941051156,5.783108451099932
0.9456300613704215,18.613366495919934,0.1071513510147647,-1.8382783157546623,7.781609304954767
0.027756087425969356,12.206988513018096,1.944042525401801,0.9177984072951215,4.112833949211165
0.6259360465532261,16.37907710759194,0.7479956121383975,-0.8786162660650176,6.5031037931866305
0.4935222926928776,15.459097474460284,1.013399822353805,-0.4796523389716733,5.974948307771288
0.3014654570265731,14.112824060130905,1.397178239162738,0.09554109268044564,5.20654768429327
0.3687023241823695,14.590065614512342,1.2621821881652056,-0.10541062140551202,5.474451166824182
0.8596917122588925,18.022785758070647,0.2815897638627611,-1.5785235558899473,7.4393857169770055
0.5723559965680188,16.034706850685254,0.8541493513066378,-0.7142788065029447,6.291893818374246
0.06893048956265435,12.482188294326612,1.8606742470193616,0.7914008339072856,4.276671212412819
0.972001057971187,18.81196709069146,0.05671582292284398,-1.9153519945314263,7.889278945595416
0.40924178003597633,14.860296597514637,1.1812875309844304,-0.22805990743883606,5.636235496339017
0.3068394545522367,14.151392646726528,1.385808441955,0.08064680899410566,5.225685839772305
0.6187797513055501,16.333960299341836,0.7621667848674543,-0.8571986670901893,6.47614840993433
0.7410518294259273,17.19784859591912,0.5157061273817138,-1.2219138362549553,6.963374666857981
0.9357382680288889,18.550137903678454,0.12762763367543484,-1.8068613441696895,7.7420344418336455
0.8762075489148958,18.135165083883308,0.24742515793527217,-1.629139361714031,7.506191186976948
0.47970402763637854,15.36775274001639,1.0377624188799375,-0.4380610315862989,5.9179632857550235
0.7331530524118377,17.133490629636928,0.5325655101823668,-1.201123165668398,6.932914253866104
0.8144002881653519,17.69216505171965,0.3708558729144138,-1.4444981274906017,7.257173007046455
0.7872701868156543,17.505131289975385,0.42617109839721834,-1.361372546672725,7.1473231733551374
0.3059840395801875,14.1387404931432,1.3902858176417772,0.08270849592017851,5.224081042380994
0.37515173647041067,14.64600421949077,1.2492174308073942,-0.12219113823285936,5.500766046301002
0.9237669210346765,18.45433467075955,0.15216861363583328,-1.774821124172836,7.69624880726065
0.5334144344700289,15.74308149294145,0.9322881904935996,-0.6003361526587739,6.134802118071276
0.7049071558714529,16.92638966290495,0.5905546165601642,-1.1152317794216382,6.819411292191433
0.517040688268228,15.61262899354228,0.9665852392072266,-0.5501925870330467,6.066847060060598
0.13454382129440023,12.958795610835633,1.7282927149916931,0.5971786494774978,4.539331186312855
0.2067796774079934,13.439905503500949,1.5842387855955233,0.378180642431428,4.826563613361684
0.7121609804457297,16.995168136097593,0.5740089378258709,-1.1369835122824925,6.85035138854368
0.5399367692667316,15.77885528635541,0.9221512653422823,-0.6193668306994193,6.16039162182587
0.7689598959631716,17.38413084881991,0.46198833460721683,-1.307341180514424,7.076726313233336
0.2727554416476786,13.907759348981855,1.4545962859178994,0.18093299383693734,5.0910043848043225
0.8879932776580323,18.203552700625366,0.22538018925065198,-1.6645760414705497,7.551420345837179
0.08896222252533081,12.620546137965379,1.8243548329924781,0.7328667252968835,4.357268242366886
0.2790399168070332,13.962062300129352,1.4403346830236947,0.16321822501218766,5.116296330931208
0.21063355306199483,13.476276348061951,1.5798862944630545,0.3685900501885968,4.843258697037804
0.14331859449916173,12.995590762748243,1.7127780215222497,0.5694313809392133,4.5716848113883275
0.9576263650020597,18.70499637325536,0.08524125486138513,-1.871957870214821,7.830109584455304
0.5088606504293811,15.552602446416449,0.9822976011891047,-0.526750944416755,6.034127073215749
0.203115674670722,13.428061075165788,1.5931003509995894,0.39176206950581843,4.812546879964501
0.4399879410868863,15.067012620648411,1.1200773500782986,-0.3216264932147689,5.758891755006519
0.22823299792366547,13.595912864345241,1.5439961308879746,0.3166042197851497,4.9110318544253255
0.32162588161298167,14.260249535776131,1.3541863079316818,0.034732912709814,5.2868931047684935
0.0021883362041374976,12.005726091290946,1.9967632960443074,0.9927382761281889,4.008611575641401
0.06514588179714464,12.457333322397105,1.8701971440712988,0.8044170528300612,4.261487353319951
0.6038047263857326,16.222695152883507,0.7929151741671938,-0.811208117377406,6.415369982115371
0.8514151290497927,17.95123108624575,0.2987975421561065,-1.5546243110994216,7.404810672715572
0.10098392140856427,12.70965481552021,1.7984747553100917,0.6979688068133687,4.404177811574178
0.7773270947818395,17.44337719361137,0.44375210645784124,-1.3327658599790662,7.1097425770848
0.1441022212845665,13.006821309984561,1.712928683646174,0.5684343487039291,4.5763604021431155
0.3249527113193623,14.27534986371751,1.3502086871016847,0.024046075210570367,5.301970722035511
0.4669659109906089,15.268960001736968,1.06381483479774,-0.4002814229141345,5.866161611869818
0.955154684515052,18.695364332304443,0.08932229363297359,-1.866545749007313,7.822810243784742
0.8770238376933892,18.14602870646512,0.24578941551221548,-1.6304204785133563,7.509416294005213
0.9641262279438069,18.751900344215628,0.07230036844780409,-1.891061899020091,7.855631861836091
0.2799812816261027,13.958027257929693,1.4389121000172758,0.15997173041860052,5.11899646665163
0.5022696749708763,15.519939673526318,0.9943478710173884,-0.5062161671933217,6.009021901487315
0.1163996566280413,12.810636088442283,1.7677850800168107,0.6525949879375716,4.462777935149758
0.1561814180473915,13.098468381924818,1.6879376546382183,0.5317120877848052,4.626278603441896
0.34675600612939017,14.419873856207644,1.3068694563427525,-0.04118232235260657,5.387025198244274
0.1600762264351827,13.118421065776399,1.6795051844689153,0.5202894183749643,4.6391018325771585
0.8601230027036194,18.018283921764905,0.2802689685716218,-1.5805193247104654,7.441054456909688
0.3339870842583754,14.334869345193976,1.3335327704143523,-0.001234829905292579,5.3348324063138985
0.1831919789304689,13.282798069577355,1.6329535984293075,0.4499478040636994,4.733066185783524
0.2201360678485228,13.541584469413923,1.5608417085473796,0.3399629649817365,4.881685306550012
0.08820894390833567,12.623672667460468,1.8224604305241066,0.7362872637135228,4.352016866145062
0.3829174142694495,14.670405704381166,1.2348897129374856,-0.1494242027595366,5.530734001289922
0.6275447107541152,16.396061570261402,0.7433242378356597,-0.8836439568027761,6.5104807358157695
0.602877565565919,16.22272470366714,0.7927955623588339,-0.8091006085768294,6.4123127530275115
0.713605608475713,16.99246873461786,0.5748633704981715,-1.1409862707707583,6.855110761784322
0.7142232225634012,17.009113007065498,0.5708764550041676,-1.1413116309400586,6.8567429475125365
0.35144486070320013,14.456000570544045,1.2973250824961216,-0.055014682154187915,5.40621990214198
0.6556253299316371,16.580092309881522,0.6896229167061539,-0.9683809060542938,6.623067225950714
0.130447492606104,12.922488740324741,1.7393537357404423,0.6100024916876068,4.522328018883744
0.2574309093069723,13.809492353820415,1.4851780308977953,0.22825955737335574,5.030706264954976
0.5332732567381782,15.73158932440123,0.9324549283994104,-0.5996051892162895,6.131941021521229
0.7275848749246911,17.083391471639118,0.546865981388975,-1.183663667548156,6.910586860890994
0.43261697150852274,15.041722460824303,1.1356596338232814,-0.2962220953249912,5.732641083620748
0.5869518318291989,16.11091989515127,0.8263008233146216,-0.7608662401285714,6.348737453678053
0.616971792774564,16.317586330804176,0.765126263066514,-0.8499271156114617,6.465205440296994
0.25454243389296194,13.800626506143852,1.4895455276565879,0.2377382148357793,5.020068331494927
0.7701271905784428,17.38729791817176,0.45833648245736436,-1.3109591287657518,7.0793730952746055
0.844819431742668,17.92819435140447,0.3099442376660503,-1.533290956660191,7.37979084123963
